feature_names,feature_coefs
HP1a,0.0
HP1B,0.03411678721382562
HP1C,0.0
Mean_Accesibility,0.3420924408719762
state.name_1,0.3805148428930192
state.name_2,-0.18106586287833104
state.name_3,-0.08132733505597323
state.name_4,-0.0
state.name_5,-0.0
state.name_6,-0.0
state.name_7,-0.011236127473757575
state.name_8,-0.0
state.name_9,-0.0
GC.Promoter,-0.0
GC.Body,-0.0
PInd,-0.0
A,-0.0
C,0.0
G,-0.0411221896302108
T,-0.0
AA,-0.0
AC,-0.002328339551705039
AG,0.0
AT,-0.0
CA,-0.039833628100512046
CC,-0.0
CG,-0.0
CT,-0.0
GA,-0.013526943695792628
GC,0.0
GG,-0.02604517783672798
GT,0.0
TA,0.007868366020133093
TC,0.0
TG,-0.04131121705896911
TT,0.01819810218871352
AAA,-0.0
AAC,-0.012868347759202512
AAG,-0.009284716621822713
AAT,0.011800440885215488
ACA,-0.008225096076296057
ACC,-0.06832830186870252
ACG,-0.0020127104845946912
ACT,-0.006430170612602798
AGA,0.047778142853741705
AGC,-0.0
AGG,-0.030863542294167007
AGT,-0.018961789298127214
ATA,-0.015473514002302602
ATC,0.022480814780681452
ATG,-0.014513446716958821
ATT,-0.0
CAA,0.02691117305351092
CAC,0.013453850294939344
CAG,0.0
CAT,-0.012393550497213805
CCA,-0.0
CCC,-0.0
CCG,-0.04028365275569978
CCT,-0.0
CGA,-0.018147168458776463
CGC,-0.046291281880643756
CGG,0.010175654149467722
CGT,0.0
CTA,-0.0
CTC,0.0
CTG,-0.0
CTT,-0.05948297932810123
GAA,-0.0
GAC,-0.02644260365607443
GAG,0.0017865075432460813
GAT,-0.010652963754666513
GCA,-0.02686067573340177
GCC,0.03359795805154511
GCG,0.024849956992253286
GCT,-0.009325381120974698
GGA,0.0012588058648209837
GGC,0.0
GGG,-0.0
GGT,-0.009037766011227804
GTA,-0.020779601634626117
GTC,-0.0
GTG,-0.0
GTT,-0.0
TAA,-0.0
TAC,-0.0
TAG,0.0
TAT,0.0
TCA,-0.0
TCC,-0.017299456579204574
TCG,-0.0
TCT,-0.2576326422361817
TGA,-0.00911088876956391
TGC,-0.0031188844993083773
TGG,0.0
TGT,0.13580103442859842
TTA,0.2063729386168393
TTC,0.08817549376096748
TTG,0.2474392034939315
TTT,-0.22477187993025355
exon_num,0.09715566156031748
density,0.07455499132277826
GAGA_Sites,0.035432739509003636
GAGA_Avg_Score,-0.0
DRE_Sites,-0.06470819942776936
DRE_Avg_Score,-0.03737556518322386
Disco_Sites,-0.06219558116854646
Disco_Avg_Score,-0.051462700112845844
HP1a.Mean_Accesibility,-0.0
HP1a.state.name_1,0.0
HP1a.state.name_2,0.0
HP1a.state.name_3,-0.0
HP1a.state.name_4,0.0
HP1a.state.name_5,0.0
HP1a.state.name_6,0.0
HP1a.state.name_7,0.0
HP1a.state.name_8,-0.0
HP1a.state.name_9,-0.0
HP1a.GC.Promoter,0.0
HP1a.GC.Body,0.0
HP1a.PInd,0.0
HP1a.A,0.0
HP1a.C,0.0
HP1a.G,-0.0
HP1a.T,0.0
HP1a.AA,-0.0
HP1a.AC,-0.0
HP1a.AG,0.0
HP1a.AT,0.0
HP1a.CA,0.0
HP1a.CC,0.0
HP1a.CG,0.0
HP1a.CT,0.0
HP1a.GA,-0.0
HP1a.GC,-0.0
HP1a.GG,-0.0
HP1a.GT,-0.02502719042550331
HP1a.TA,-0.0
HP1a.TC,0.0
HP1a.TG,0.0
HP1a.TT,0.0
HP1a.AAA,-0.0
HP1a.AAC,-0.0
HP1a.AAG,0.019877213453116823
HP1a.AAT,0.0
HP1a.ACA,0.0
HP1a.ACC,0.010641000803723327
HP1a.ACG,0.0
HP1a.ACT,-0.049995444813769496
HP1a.AGA,0.017009402410224264
HP1a.AGC,-0.0
HP1a.AGG,0.04054541651261757
HP1a.AGT,0.0
HP1a.ATA,-0.0
HP1a.ATC,0.0
HP1a.ATG,-0.018800492990287524
HP1a.ATT,0.0
HP1a.CAA,0.0
HP1a.CAC,0.0
HP1a.CAG,0.03002279572818303
HP1a.CAT,-0.0
HP1a.CCA,0.0
HP1a.CCC,-0.03729403954065444
HP1a.CCG,0.0
HP1a.CCT,0.0
HP1a.CGA,-0.014111320045436084
HP1a.CGC,0.055016075233256814
HP1a.CGG,0.06144429072352377
HP1a.CGT,-0.0
HP1a.CTA,0.0
HP1a.CTC,0.0
HP1a.CTG,-0.0
HP1a.CTT,-0.0
HP1a.GAA,-0.0
HP1a.GAC,-0.05196909008192304
HP1a.GAG,0.0
HP1a.GAT,-0.004004258948408684
HP1a.GCA,0.016231939391689213
HP1a.GCC,0.0
HP1a.GCG,0.02085859678360244
HP1a.GCT,-0.0
HP1a.GGA,-0.0009186470899593302
HP1a.GGC,0.0
HP1a.GGG,0.026784834015244327
HP1a.GGT,0.03603969850444455
HP1a.GTA,0.0
HP1a.GTC,0.0
HP1a.GTG,0.0
HP1a.GTT,0.02364195241073583
HP1a.TAA,0.0
HP1a.TAC,0.01668652698026949
HP1a.TAG,-0.0
HP1a.TAT,0.021661184814456332
HP1a.TCA,0.0
HP1a.TCC,0.004007715353784611
HP1a.TCG,-0.0
HP1a.TCT,0.09329153942262638
HP1a.TGA,-0.01927197695144292
HP1a.TGC,0.0
HP1a.TGG,0.04355668408594645
HP1a.TGT,-0.04240328977789072
HP1a.TTA,-0.027190496786667153
HP1a.TTC,-0.0
HP1a.TTG,-0.002807444540770138
HP1a.TTT,-0.0627095228934842
HP1a.exon_num,-0.0
HP1a.density,0.0
HP1a.GAGA_Sites,0.011244891297127683
HP1a.GAGA_Avg_Score,0.0
HP1a.DRE_Sites,0.004201575648731049
HP1a.DRE_Avg_Score,0.08682114897814867
HP1a.Disco_Sites,0.0
HP1a.Disco_Avg_Score,0.05397669744398594
HP1B.Mean_Accesibility,0.03025564346377174
HP1B.state.name_1,0.08651827010345206
HP1B.state.name_2,0.09125117964133732
HP1B.state.name_3,-0.006178382766424889
HP1B.state.name_4,0.0
HP1B.state.name_5,0.0
HP1B.state.name_6,0.0036650263312338473
HP1B.state.name_7,0.0
HP1B.state.name_8,0.0
HP1B.state.name_9,0.0
HP1B.GC.Promoter,0.0
HP1B.GC.Body,0.0
HP1B.PInd,0.0
HP1B.A,0.0
HP1B.C,0.02714597463381328
HP1B.G,0.037359005758048736
HP1B.T,0.0
HP1B.AA,0.027686529700088388
HP1B.AC,0.012315108317921323
HP1B.AG,0.0
HP1B.AT,0.0
HP1B.CA,0.0
HP1B.CC,0.0034088188233971617
HP1B.CG,0.0
HP1B.CT,0.0
HP1B.GA,0.0
HP1B.GC,0.034082705102580796
HP1B.GG,0.0
HP1B.GT,-0.01423650421389814
HP1B.TA,0.0
HP1B.TC,0.07216694963329462
HP1B.TG,0.040654482976685835
HP1B.TT,-0.0
HP1B.AAA,0.0
HP1B.AAC,0.0
HP1B.AAG,0.042766899373635515
HP1B.AAT,0.02242246298859931
HP1B.ACA,-0.0
HP1B.ACC,0.0
HP1B.ACG,0.0
HP1B.ACT,0.0
HP1B.AGA,-0.0
HP1B.AGC,-0.0
HP1B.AGG,0.0
HP1B.AGT,0.021899882519420592
HP1B.ATA,-0.0
HP1B.ATC,0.03723656313171034
HP1B.ATG,0.038480134821747364
HP1B.ATT,0.01366110200292354
HP1B.CAA,0.023640450840637605
HP1B.CAC,0.0
HP1B.CAG,0.023217472662685097
HP1B.CAT,0.0
HP1B.CCA,0.03104183568377773
HP1B.CCC,0.0
HP1B.CCG,0.046124778524295626
HP1B.CCT,0.04370072305932394
HP1B.CGA,0.0
HP1B.CGC,0.0
HP1B.CGG,0.0
HP1B.CGT,0.0
HP1B.CTA,0.08457072851934343
HP1B.CTC,0.02285492128517022
HP1B.CTG,0.021034881974532352
HP1B.CTT,0.03146131617252391
HP1B.GAA,0.052481488671338776
HP1B.GAC,0.009691062110799512
HP1B.GAG,-0.0
HP1B.GAT,-0.004043257977008934
HP1B.GCA,0.0
HP1B.GCC,0.033807408522307444
HP1B.GCG,0.0
HP1B.GCT,0.0
HP1B.GGA,0.0018438301517317065
HP1B.GGC,-0.0
HP1B.GGG,0.0
HP1B.GGT,0.026042686886367513
HP1B.GTA,0.010801961122916042
HP1B.GTC,0.0
HP1B.GTG,0.0
HP1B.GTT,0.029507161667340683
HP1B.TAA,0.04039399071153127
HP1B.TAC,0.08646853276281524
HP1B.TAG,-0.0
HP1B.TAT,-0.0
HP1B.TCA,0.0190278820774119
HP1B.TCC,0.0
HP1B.TCG,-0.0
HP1B.TCT,-0.06415865743916291
HP1B.TGA,0.013437896411602753
HP1B.TGC,-0.0
HP1B.TGG,0.013085462022211095
HP1B.TGT,-0.044754238532048234
HP1B.TTA,-0.037162347126423294
HP1B.TTC,-0.0
HP1B.TTG,-0.024084565569341042
HP1B.TTT,-0.07181094153998037
HP1B.exon_num,-0.07758338578044141
HP1B.density,0.0
HP1B.GAGA_Sites,0.0030891934865133128
HP1B.GAGA_Avg_Score,0.0001352367104423097
HP1B.DRE_Sites,0.0
HP1B.DRE_Avg_Score,0.008691842949783405
HP1B.Disco_Sites,0.0007787005315538685
HP1B.Disco_Avg_Score,-0.0
HP1C.Mean_Accesibility,0.12361775188117921
HP1C.state.name_1,0.0
HP1C.state.name_2,0.0
HP1C.state.name_3,-0.008603336498651951
HP1C.state.name_4,0.0
HP1C.state.name_5,-0.0
HP1C.state.name_6,-0.0
HP1C.state.name_7,0.0
HP1C.state.name_8,0.0
HP1C.state.name_9,-0.0
HP1C.GC.Promoter,0.0
HP1C.GC.Body,0.01890642763625777
HP1C.PInd,-0.0
HP1C.A,-0.0
HP1C.C,-0.0013777146191087037
HP1C.G,0.0
HP1C.T,0.0
HP1C.AA,-0.0
HP1C.AC,0.0
HP1C.AG,0.0
HP1C.AT,0.0
HP1C.CA,0.0
HP1C.CC,0.0
HP1C.CG,0.0
HP1C.CT,0.0
HP1C.GA,0.0
HP1C.GC,0.0076199561073360305
HP1C.GG,0.004377978975334954
HP1C.GT,-0.0
HP1C.TA,-0.0005582913398169906
HP1C.TC,-0.0009826351331578271
HP1C.TG,0.02610857867015581
HP1C.TT,0.0
HP1C.AAA,-0.0
HP1C.AAC,0.0
HP1C.AAG,0.0
HP1C.AAT,0.01568125314290264
HP1C.ACA,0.00045251522028062925
HP1C.ACC,0.045771238154057294
HP1C.ACG,0.0
HP1C.ACT,0.000170168640911811
HP1C.AGA,-0.025965525181665953
HP1C.AGC,-0.010801995830528113
HP1C.AGG,0.0
HP1C.AGT,0.0
HP1C.ATA,-0.0
HP1C.ATC,-0.0
HP1C.ATG,0.0
HP1C.ATT,-0.0
HP1C.CAA,-0.04890449876331206
HP1C.CAC,-0.014221061156595056
HP1C.CAG,-0.0
HP1C.CAT,0.029527087214904414
HP1C.CCA,-0.0
HP1C.CCC,0.0
HP1C.CCG,0.0
HP1C.CCT,-0.0
HP1C.CGA,0.0
HP1C.CGC,0.0
HP1C.CGG,0.004150028711689029
HP1C.CGT,-0.017469449473299162
HP1C.CTA,-0.0
HP1C.CTC,-0.020046770157179008
HP1C.CTG,0.0
HP1C.CTT,0.011105680102876823
HP1C.GAA,-0.0
HP1C.GAC,0.044855534398640436
HP1C.GAG,-0.008973441099506329
HP1C.GAT,-0.0
HP1C.GCA,-0.0
HP1C.GCC,0.0
HP1C.GCG,0.0
HP1C.GCT,0.02429367810060447
HP1C.GGA,0.0
HP1C.GGC,-0.0
HP1C.GGG,0.011246799666697385
HP1C.GGT,0.025840540333634514
HP1C.GTA,0.04244681413160955
HP1C.GTC,-0.0
HP1C.GTG,0.0
HP1C.GTT,0.012068287456255917
HP1C.TAA,0.0
HP1C.TAC,0.0
HP1C.TAG,0.0
HP1C.TAT,0.0
HP1C.TCA,0.0007691947570268722
HP1C.TCC,0.0
HP1C.TCG,-0.0
HP1C.TCT,-0.04436759987634346
HP1C.TGA,0.0
HP1C.TGC,-0.0
HP1C.TGG,-0.0
HP1C.TGT,-0.04700044871808866
HP1C.TTA,-0.003966204975906369
HP1C.TTC,-0.036221397167352475
HP1C.TTG,-0.11006077959628886
HP1C.TTT,-0.08640240076320323
HP1C.exon_num,0.0
HP1C.density,-0.30797781763274423
HP1C.GAGA_Sites,-0.0
HP1C.GAGA_Avg_Score,1.097504173951687
HP1C.DRE_Sites,0.06798310521932902
HP1C.DRE_Avg_Score,0.08139180925129301
HP1C.Disco_Sites,-0.23355509223642712
HP1C.Disco_Avg_Score,-0.00942604323797212
A_B,-0.0658863295491826
A_C,-0.0
B_C,-0.0
A_B_C,-0.8108239143760916
