,rab3,shaw,cg76
0,1.6472372232037897,1.9183601694802754,1.5054152069799775
1,-0.43086471870240417,-5.0491340640217715,-5.471483661059707
2,0.9612967107528003,-0.3814724174830857,-0.7975216645731189
3,4.148371569544411,10.30420437852672,9.902578521207223
4,6.65921514528287,18.72260185095119,18.332339038790753
5,2.6187480217619297,5.1756574898079615,4.767109185539656
6,1.5353279495608232,1.543148923554803,1.129697505717181
7,3.6745463098903377,8.715555285932584,8.31178509040144
8,5.469040596502272,14.732165126810836,14.33651607423477
9,3.316045941859688,7.513569379182175,7.108176758458616
10,4.874697795060555,12.73944284583843,12.341104042232876
11,2.602945867218526,5.122675767189928,4.714055948870566
12,4.964021396164844,13.038928478886296,12.64099391715504
13,1.242647547544202,0.5618452770939811,0.14706930815432329
14,3.441302545975271,7.933531773367167,7.528706012508069
15,2.084816082871897,3.3854817384266633,2.9745170778420666
16,3.9330733497515165,9.58234898027125,9.179748771774408
17,3.998502650700873,9.801721412332196,9.399417309936336
18,2.8469551087205724,5.940793949364965,5.533278416496601
19,2.1549163121180728,3.620514935398642,3.209867519615068
20,3.582139573201922,8.405732465391509,8.001544074982693
21,4.204965608910705,10.493953800816149,10.092584064838208
22,1.7232207278187104,2.173118908486174,1.760517816071065
23,3.3125579443879514,7.501874764119891,7.096466358154601
24,3.017267555968001,6.51182031249012,6.105075543697981
25,3.1245961352552234,6.871673331340433,6.465414287547297
26,0.9028235065404726,-0.5775223344520637,-0.993836207210729
27,0.5870954182118228,-1.6361006411383316,-2.0538433693463487
28,2.242539637672163,3.9142998567285443,3.5040489880715535
29,2.625874203505825,5.1995502686973705,4.791034214596202
30,1.4504934623412415,1.2587144650785418,0.8448791212494194
31,6.579049360556226,18.45382069467411,18.063195085149125
32,2.192462471241406,3.746400312774312,3.3359228154618807
33,1.6227555354482979,1.8362775657239259,1.4232218091756752
34,2.7198165923199014,5.514521848841823,5.106430939348138
35,2.474982893416673,4.693639412386109,4.284440486286381
36,3.1707556555114946,7.026437727023453,6.620387582230735
37,6.027983650352058,16.606198554151867,16.213079047909787
38,1.5507841060846226,1.5949705783446981,1.181589108713431
39,2.852516408008569,5.9594399647209215,5.551949600005426
40,2.986807909651414,6.409694711341559,6.002812094720124
41,1.032368709671131,-0.1431810552351327,-0.5589086596943564
42,4.593269946542353,11.79586694508218,11.396254514802852
43,1.3416068232714615,0.8936375578657092,0.4793094378999426
44,3.993507021686581,9.78497198553653,9.382645274978774
45,3.8473431727189933,9.29491143831724,8.89192325030525
46,0.4137761177771888,-2.2172084308867044,-2.6357355309515755
47,1.9027040347538633,2.774893480205923,2.3631046554054556
48,4.7548927076117025,12.3377583860383,11.93887739389017
49,1.7032975564825017,2.1063201732562944,1.693628916763348
50,1.664727391557999,1.977001492455591,1.5641356832624804
51,2.6891135609890755,5.411580222430345,5.003350363646898
52,3.8864916118041943,9.42616896619703,9.023357947916182
53,4.113870640471957,10.18852909835146,9.78674710401934
54,2.743546049861033,5.5940823628127205,5.186098843082473
55,1.6781967059212075,2.0221616303017527,1.6093567776846909
56,0.24674966191090064,-2.7772174682793356,-3.1965004613751793
57,1.8943739077874575,2.7469640940519726,2.335137570523548
58,3.105196774520299,6.8066308368753905,6.40028399955571
59,3.2858716582242407,7.412400546705592,7.006871369586851
60,0.31455564353760423,-2.549876462309414,-2.9688525934251944
61,4.275037750137127,10.728892823815357,10.32784020552361
62,1.138267860966199,0.2118793540267594,-0.20336899443655265
63,2.3189723789843617,4.170564803892292,3.7606598383809757
64,1.3136421576281538,0.7998771687902656,0.3854224922513876
65,3.898095314166732,9.465074049565661,9.062315544868387
66,3.5072358426650743,8.154594010603049,7.750066636722346
67,2.066503246461755,3.324082160516799,2.9130346235678095
68,1.578354263142566,1.6874082525724428,1.2741515541307171
69,1.9095973438058051,2.7980054797188525,2.38624785119951
70,1.0282839263557224,-0.1568765836504129,-0.5726226741585991
71,2.7904230410720254,5.751252306865981,5.343480933114563
72,3.611463426029426,8.50404995952375,8.099994276810133
73,4.259598924616507,10.677129276696858,10.276006788631756
74,1.306785759220732,0.77688892389094,0.36240321811332943
75,3.3792823098851166,7.725589309812032,7.320482870877148
76,2.319770181690454,4.173239689874576,3.7633383348901317
77,2.6913556900029176,5.419097669317654,5.010877957487807
78,5.2668217115711755,14.054162336740623,13.657598124676456
79,1.5319533572682664,1.5318345352350293,1.1183678453808699
80,1.4203863836299846,1.1577709583726805,0.7437993622902084
81,2.3168442239972142,4.163429490988762,3.753514894323417
82,-0.4840777812178787,-5.227547691739894,-5.650138109208961
83,2.68438823229355,5.395737062971518,4.98748581929422
84,5.080161105921951,13.428323600316572,13.030914639136254
85,2.7971812537263308,5.77391135296379,5.366170564102767
86,3.785115639561404,9.086273945758641,8.683004141529604
87,0.9024042370216601,-0.5789280681630526,-0.9952438383630886
88,3.58893442022296,8.428514339794297,8.024356700067964
89,4.7277092744348455,12.246617325974183,11.847613312789711
90,4.355679830024965,10.99927091031127,10.598583244900036
91,3.883545619785684,9.416291595897249,9.013467245268384
92,5.536339928452267,14.957807429444921,14.5624629459609
93,4.147652308170793,10.30179282721061,9.900163714810029
94,3.8234342832621606,9.214749322079978,8.8116529322695
95,-0.08482463472387347,-3.8889252017609595,-4.309708763726427
96,1.5225171739380223,1.5001967451854041,1.0866873510471746
97,2.32768044304837,4.199761343738313,3.789895787342797
98,0.5741147302488254,-1.679622504385371,-2.09742397784735
99,2.6949455164940934,5.431133698384501,5.022930232632641
100,3.3828080681870722,7.73741053000451,7.332320047201327
101,-0.2875088264944847,-4.568488080225126,-4.990188907466044
102,3.0995226692784295,6.787606603869484,6.381234087883598
103,3.493196635743536,8.107523127651511,7.702932218095476
104,2.3274473655771724,4.1989798777747005,3.7891132665664196
105,3.2496696065870383,7.291021714928061,6.885328702215747
106,1.81098076000336,2.4673621820464815,2.0551582554359293
107,1.8681724985441663,2.659115579919496,2.2471704795910927
108,4.561835609351184,11.690473384402145,11.290718695243559
109,-1.1401753118588145,-7.427322240414128,-7.852881885413527
110,1.8724350605498734,2.673407167639907,2.261481357913687
111,1.911985044441387,2.806011001524233,2.3942641787557584
112,3.3168397489044543,7.516230868445653,7.110841840166242
113,0.8402621775428405,-0.7872789831713214,-1.2038759827696994
114,5.605754601194072,15.190542081338554,14.795511740108832
115,3.0135523860907716,6.499364030065294,6.092602447942578
116,2.331323315841101,4.211975227313934,3.8021261570621325
117,2.6542667455817854,5.294745248885473,4.886357687750138
118,2.1760350767461,3.6913222754030963,3.280770434460778
119,0.7681815413815487,-1.0289521208905836,-1.4458753277970184
120,3.1725450501786834,7.032437238776803,6.626395192048261
121,0.37449409540135803,-2.3489138390116038,-2.767618713350627
122,4.9489521577934354,12.988404089616077,12.590401330710856
123,4.380818857941833,11.08355745492909,10.682983558416986
124,2.709136853775449,5.478714646498509,5.070575404901399
125,3.916293014773261,9.526087598266951,9.123411448876775
126,2.035211670037035,3.2191672504732263,2.807978100721493
127,4.691078803742945,12.123802083771947,11.724632296145488
128,0.2870109388459263,-2.6422287994265963,-3.0613295865449777
129,3.2698183775713927,7.358576844353931,6.95297501669065
130,3.0514662700663076,6.626482321349359,6.2198923218691915
131,4.295219624329736,10.796558942220175,10.395597658788974
132,4.310159705329347,10.846650290538472,10.445756619768105
133,4.337685383671241,10.938938835798309,10.538169734925118
134,2.7924245520198596,5.757963005559891,5.3502006898236765
135,2.664130243738925,5.327815747086784,4.919472824086645
136,4.763395785776826,12.36626764580454,11.967425135090336
137,3.893498515792187,9.449661828672507,9.04688252075673
138,5.53292191334553,14.946347452402495,14.550987500388144
139,4.357187340509229,11.00432531615842,10.603644473119513
140,2.5776279528186334,5.0377894490414885,4.629055052256367
141,2.8072382249801207,5.80763053093306,5.3999352557868825
142,2.4393934005850006,4.574314377806482,4.164954388302341
143,0.1324222330678222,-3.1605363445730505,-3.58033673658192
144,1.9732318811251255,3.011360398879945,2.599890754099703
145,-0.8318099162277566,-6.393429690417121,-6.817593800485582
146,0.8477950493932127,-0.7620226470307401,-1.1785855559498568
147,1.1096739921055891,0.11600936209697843,-0.29936839045437447
148,3.8802091958444276,9.405105179050944,9.002265729139808
149,3.1437394452751874,6.9358573347739,6.529684925727082
150,2.153557107241123,3.615957771021227,3.205304204035502
151,2.715219765519305,5.499109532641285,5.090997819800457
152,3.373457417830993,7.7060595163117505,7.300926716311569
153,3.427625390653401,7.887674782949993,7.482787124912181
154,0.929265700311735,-0.4888665140097719,-0.9050607202767327
155,3.633344210325313,8.577412211553717,8.173455552268894
156,3.4634904913279927,8.00792388002035,7.603198532674653
157,5.122662425487981,13.570822720798175,13.1736061031068
158,2.9350399026114786,6.236126089294095,5.829009191968176
159,4.030127327880388,9.907753148043179,9.50559216592707
160,2.7308646369172322,5.551563913752616,5.143523003164036
161,4.19495506335204,10.460390279678084,10.0589752400889
162,4.74602757084725,12.308035210269162,11.90911409815881
163,1.7116388460925505,2.134286985704708,1.7216334784572493
164,1.9396186688131491,2.8986614700014472,2.487039705649467
165,1.9290579172684605,2.8632532092201837,2.451583651251
166,1.0482632028358194,-0.08988973817500234,-0.5055454106965473
167,5.36280306807486,14.375970201156473,13.979840361228803
168,4.213035880586837,10.521011939896036,10.1196787266479
169,2.3926225592859427,4.417500334916793,4.007928679824666
170,4.529284799181682,11.581336494830767,11.181434494095523
171,1.8543436179330612,2.6127498824670976,2.2007421983137174
172,0.5505889580438965,-1.758500098824356,-2.176408040253734
173,1.7351976345330082,2.213275277519029,1.8007283876568685
174,2.9111870976300795,6.156152014004898,5.748927168695752
175,3.7532796220248024,8.979533624636312,8.576119743688022
176,4.102078252156163,10.148991385627822,9.747156023797132
177,-1.64336845112796,-9.114436440875128,-9.542273331028486
178,3.1987679932852093,7.120357951998676,6.7144345795235205
179,2.308832109144047,4.13656634105763,3.72661548485634
180,3.884489851290502,9.419457430754662,9.01663735332917
181,1.666866561882739,1.9841737377634499,1.5713176095752575
182,2.4217918972489696,4.515299769080281,4.1058601224126345
183,3.903668299885741,9.483759247378847,9.081025963722425
184,4.203456503999367,10.488894049147765,10.087517483581781
185,1.556526231463242,1.614222870379464,1.2008673872455704
186,2.6777151855768198,5.373363562624329,4.965082119482631
187,1.056104631610126,-0.06359886732519615,-0.47921905276577137
188,2.893095542947001,6.095494353094457,5.6881876328509975
189,4.5925713226998575,11.79352458761846,11.393908995655016
190,5.336514509187058,14.287829490268262,13.891580679137164
191,2.9852867860970997,6.404594663370212,5.9977051627693
192,4.078881316668838,10.071216320322494,9.669275978704121
193,5.984778964157124,16.461341174514608,16.06802614163557
194,3.0669509857630084,6.6783997298019955,6.271879807775263
195,2.648146511153307,5.274225226634272,4.865809967835549
196,4.0972771082071135,10.132894031544874,9.731036941711666
197,1.369390081653581,0.9867897217040971,0.5725873373368014
198,2.8422030913458993,5.924861307665481,5.517324269121269
199,2.4822987450431464,4.718168119564852,4.309002302000119
200,4.337948924092483,10.939822438439885,10.539054530242229
201,2.7827280017373273,5.72545225292738,5.31764605459338
202,2.1291782079838826,3.534219798225663,3.1234559023704485
203,0.17814603967354747,-3.0072328167552955,-3.4268262816244883
204,2.678966353765835,5.377558499824596,4.969282718955428
205,2.90005961520737,6.118843608651826,5.711568404934663
206,2.5584443296226675,4.973470282931256,4.564649068958958
207,1.577295310321225,1.6838577782056938,1.2705962873791103
208,3.5652104796105477,8.348972323072331,7.94470731854989
209,0.46623179214235755,-2.04133418656617,-2.459623893827117
210,5.062024374308911,13.367514469455394,12.970023428888545
211,1.625541706482349,1.8456190856088943,1.4325759381246195
212,3.230443922408969,7.226561526067916,6.820781505817708
213,4.104515609360268,10.15716339678955,9.755339065434926
214,4.609239106029319,11.849408604610785,11.449868444178195
215,0.9707402127719023,-0.3498100892135667,-0.7658165988981565
216,3.721696286146212,8.873640498716238,8.470083684581931
217,1.402235344214717,1.0969138560777258,0.6828601158575008
218,3.401792426874694,7.8010615988069825,7.3960570314017815
219,1.0170379837076284,-0.19458216438771525,-0.6103791494061761
220,2.9070495968280117,6.1422797335367845,5.735036163601018
221,3.213501744186701,7.1697575133839475,6.763900819804472
222,1.0903961869537029,0.05137442118201485,-0.3640905747853065
223,3.7858514764158624,9.088741071618426,8.685474597484298
224,-1.1736856880559352,-7.539676378682083,-7.965387677859265
225,2.075502663945266,3.354255554880548,2.943248745593071
226,5.247405533003107,13.989063455169259,13.592411373467968
227,3.016285327156515,6.508527079640492,6.101777865684806
228,1.047382754939583,-0.09284171830467147,-0.5085013753712124
229,2.1199326885542167,3.50322126922528,3.092415531952375
230,2.9789049768858686,6.383197628902325,5.976279246858158
231,1.7399840236258752,2.229323161278402,1.8167979326443398
232,0.6777039570440325,-1.3323068478269282,-1.7496395190610659
233,2.0321438717496765,3.2088814861198727,2.7976784527750636
234,3.5540281398322273,8.311479991078688,7.907164379886403
235,0.8270376113645209,-0.8316185252938273,-1.2482753738386485
236,1.421659625225292,1.162039903651192,0.7480740697364169
237,3.4386917255686074,7.924778171938251,7.519940595579985
238,2.653348715822183,5.291667263668622,4.883275547908241
239,5.349221042134006,14.330432162086298,13.934240855496318
240,0.26404316698168784,-2.719235521182349,-3.1384402509881273
241,4.2776812851824175,10.737756111420579,10.336715456681018
242,0.04843155898229212,-3.4421416525504283,-3.862322151799667
243,4.357533041249315,11.005484387262893,10.604805108723326
244,3.0210809913649053,6.524606061159156,6.1178785504069335
245,1.1219733159067609,0.15724673642040865,-0.25807535445089136
246,1.8793358488903569,2.6965442438339915,2.2846496642370804
247,2.909378719877331,6.150088855451347,5.742855826168389
248,3.209030213533552,7.154765292159214,6.748888362271423
249,4.556095246113958,11.671227000503878,11.271446332822661
250,1.362838129642857,0.9648222296709461,0.5505901938640715
251,2.212621159082672,3.813988691600499,3.403602424216726
252,0.39285702324609517,-2.2873463137192394,-2.705968085000645
253,2.8681540983126323,6.011870268943072,5.604450673981151
254,0.9480829700909388,-0.4257756636366694,-0.8418847106813123
255,3.5221314479721944,8.20453624009086,7.800076277592296
256,2.115657271299342,3.4888865802148747,3.078061494162217
257,1.9361252926027068,2.8869488210159107,2.475311247080242
258,3.8367400193121717,9.259361011878017,8.856324838355441
259,1.4866253412971542,1.3798580207406932,0.9661861949324553
260,5.386256449963652,14.454605084157667,14.058581384588596
261,2.572044499585734,5.019069155576285,4.610309490378655
262,2.3503179503420877,4.275660749031762,3.8658976406820535
263,3.284520421968431,7.407870099651611,7.0023348073934155
264,1.4823663824915772,1.365578513888701,0.9518874137848823
265,3.7063645022941736,8.822235842657744,8.418609643176618
266,3.3438197822944247,7.606689966372268,7.201423038625424
267,-0.42858121731503607,-5.04147790316275,-5.4638171660127535
268,-0.21151376203898398,-4.313690583196359,-4.735047488037004
269,2.841981105453887,5.924117029730191,5.516578986569149
270,3.3533055218088363,7.638493909208012,7.233269910016148
271,1.3629417006609037,0.9651694842769192,0.5509379171898676
272,4.969313038686449,13.056670384618387,12.65875977068441
273,2.602476835864029,5.121103191181119,4.712481250218781
274,2.5973888712485964,5.104044180069403,4.695399213072214
275,3.5054988116758645,8.148770064647,7.744234829678581
276,3.4313650444178596,7.9002131553531685,7.495342421449928
277,1.5183650581699295,1.4862754634197488,1.0727472785135737
278,6.750241958300611,19.02779804080389,18.637947178554228
279,1.600589706273082,1.761959610553049,1.3488035405801242
280,3.856372204519013,9.32518412404658,8.922236797718316
281,3.1909728819215255,7.094222374921967,6.688263724979386
282,1.619483539596762,1.8253071644323038,1.4122366001768036
283,4.960795517717052,13.028112700781369,12.63016354005125
284,1.6648415367585312,1.9773842003538098,1.564518907734923
285,2.0248815467951826,3.184532244043782,2.7732963444036707
286,2.648694957684692,5.276064067149196,4.867651290393861
287,1.2379022715434385,0.545935237983305,0.13113779387649127
288,2.8555435366886193,5.969589371348684,5.562112706172347
289,3.321297938416559,7.531178359274271,7.125809506926665
290,5.375961224216097,14.420087082618796,14.024016791093056
291,1.4830952147141236,1.3680221545039009,0.9543343527949054
292,4.502599590090728,11.491865888643755,11.091843121629442
293,5.080775996588959,13.430385215817902,13.0329790373798
294,1.6922867812269868,2.069403065605247,1.656661978872903
295,2.414999056307015,4.4925246206923495,4.083054232420911
296,6.23808055654529,17.310614902964453,16.918446208894018
297,4.033774853003281,9.919982630027588,9.517838155109725
298,3.389020894197913,7.75824099482982,7.353178628721449
299,3.3265270187416442,7.548710505449004,7.143365317767894
300,2.140867888938147,3.5734131520250467,3.162702158857141
301,-1.6210371383832345,-9.03956364968147,-9.467299477499596
302,3.8092300314290557,9.167125073845302,8.763964401434126
303,0.6110109536829887,-1.5559162420353618,-1.97355073836777
304,2.4967853377853304,4.76673900502474,4.357638747819536
305,3.2653738406619643,7.343675128195344,6.938053186386322
306,2.3817747093843487,4.381129486061365,3.971508738062974
307,2.9999671207014327,6.453815129719223,6.046992066273801
308,1.846265369780134,2.5856649997251706,2.173620756743734
309,2.7218294505399454,5.521270592855762,5.113188792730364
310,1.8765440154570243,2.687183738963955,2.275276524677378
311,3.740825475519844,8.937777158215432,8.534306914923206
312,2.2741804028796198,4.020385532643127,3.6102778570736627
313,2.9636653935971076,6.332102104402762,5.925114754273609
314,0.4632492453316035,-2.0513341183722242,-2.4696373234131315
315,2.430477005056654,4.544419340814032,4.135018999371601
316,1.8899592155879303,2.7321624417255728,2.3203159391162895
317,1.938988897166487,2.89654996130784,2.484925346868452
318,0.05537895017539096,-3.41884832554868,-3.8389973837632683
319,1.2208611785406576,0.4887995822028459,0.07392501711915389
320,-0.33013237116661,-4.711396999044599,-5.133290722915011
321,2.523931572264588,4.857755344686099,4.448777940171218
322,2.319682795019082,4.172946698411276,3.7630449479507053
323,2.071936717772573,3.342299592136759,2.9312766448437984
324,1.4282343811049,1.1840838528695028,0.7701477735952349
325,3.1962157693063826,7.111800813632926,6.705865890841937
326,1.6336685198980267,1.8728667987593515,1.4598604298895372
327,0.22718531320581525,-2.842813137113504,-3.262184670403565
328,1.987565261115612,3.0594175901160625,2.6480128123174533
329,3.302312474915837,7.46752358623634,7.062068813490819
330,2.2136283804093555,3.817365719764523,3.4069840106501403
331,1.342228099102136,0.8957205816482938,0.4813952733213669
332,1.4599688846424994,1.2904838161929872,0.8766913542273734
333,0.10390143683479391,-3.2561613374000373,-3.676090802800295
334,3.9120203058901275,9.511761989929791,9.109066504016845
335,3.930198342637693,9.572709609322787,9.170096389726416
336,1.4192834758804316,1.1540731112025688,0.7400965238133141
337,3.2922887240973218,7.433915790286862,7.028415654168522
338,1.9677952949816857,2.9931325237981294,2.581638275265405
339,3.038614314029325,6.583392072612645,6.176743910466258
340,1.9822255714552008,3.041514591149864,2.630085648112397
341,2.4558048402535375,4.62933892157314,4.2200532034939044
342,1.6405208882547893,1.8958415316388242,1.482866173769391
343,1.6031708158533504,1.7706135970365264,1.3574692081037916
344,6.647965686893525,18.68488448257899,18.29457075999748
345,4.657520763989152,12.011288138350357,11.611966480840467
346,4.56955065561603,11.716340517903884,11.316620743871024
347,3.887974664378487,9.431141369162916,9.02833706256794
348,1.5244711353873899,1.5067480191419003,1.0932474678294066
349,1.3849252322903,1.0388762292498366,0.6247441505837573
350,3.6038897639508534,8.478656861237969,8.074566903245298
351,3.9862526682753847,9.760649470581509,9.358289929804368
352,4.6407859135393466,11.955179257618324,11.555781865059373
353,4.51484516276291,11.532923045301303,11.132955696711537
354,3.6523853787736593,8.641253753052565,8.237383266263341
355,7.152444870208399,20.37631055258399,19.988279895262785
356,6.577985891721622,18.450255078944135,18.05962465659669
357,1.836086421259507,2.5515368543775274,2.1394465456623153
358,0.8088707659759702,-0.8925286221149404,-1.3092676863288468
359,2.3953409207603427,4.4266145017993335,4.017055148893013
360,0.7598048471175542,-1.057037638642738,-1.4739987550215599
361,2.6601849868833782,5.3145880252718545,4.906227247662114
362,1.4308151744277728,1.1927367790000103,0.778812379334683
363,1.5742303217688705,1.673581434377865,1.2603060726739141
364,3.7393287520549676,8.93275891926362,8.52928190241669
365,2.813211408259403,5.827657517682269,5.41998927470648
366,-0.3851421810916791,-4.895834790911243,-5.317977466552452
367,1.3416251809109931,0.8936991076602525,0.4793710707736105
368,1.7857027042991405,2.382609502785842,1.9702911780935963
369,1.2723032034063713,0.6612752458763761,0.24663348623595027
370,0.6257260464517566,-1.50657923794315,-1.9241471398189103
371,1.623095519887255,1.8374174711203577,1.424363253201821
372,0.20619415132902086,-2.9131926485232746,-3.33265917917703
373,3.0105991725011063,6.489462447163444,6.082687500010851
374,4.230334719919133,10.579011771792297,10.177756845974912
375,1.5861958102155538,1.713699520056013,1.300478309230627
376,3.1147669212905704,6.838717781741297,6.4324142549691095
377,3.582573745852097,8.407188166565481,8.003001741043484
378,0.13873518632001836,-3.139370171492673,-3.5591419936720303
379,0.9495198287869764,-0.42095814026252176,-0.8370606846757749
380,3.094050925015638,6.769260850069093,6.362863571219538
381,-3.8638064807572876,-16.55915744099119,-16.997043120263626
382,3.41019521604103,7.829234607975146,7.424268068137126
383,-0.13348168826940876,-4.0520633679698514,-4.47306713174402
384,1.9503136412237478,2.934519748700689,2.522946385394339
385,0.7036596503462227,-1.2452821741270035,-1.662497380570433
386,3.751972375039433,8.975150665528922,8.57173086851853
387,2.7188180982455394,5.511174081552344,5.103078653285217
388,2.743996429286211,5.595592402327271,5.187610920829034
389,2.0420097575270457,3.24195998957344,2.8308016051692126
390,3.7798453187810623,9.068603527909923,8.665309872377044
391,3.8914711663802937,9.442864498352922,9.040076015487681
392,3.5038485039256693,8.143236885787493,7.738694182205082
393,3.2978956253780325,7.452714700750898,7.047239939161297
394,0.24726598393581667,-2.7754863353360077,-3.194766991770763
395,2.775463846763884,5.701096875133814,5.293257802222594
396,3.1277934188249645,6.882393236069827,6.476148661866885
397,1.21665786309353,0.4747066373145986,0.05981304975427637
398,3.3217221667498977,7.532600718979823,7.127233786515132
399,4.422667840127945,11.22386940795678,10.823484902723003
400,7.636429663158169,21.999022694841575,21.61318235360045
401,-1.142048099229851,-7.433601352591031,-7.859169473055676
402,0.9425056647324007,-0.4444753444080807,-0.8606096320424874
403,1.6912848647412773,2.066043823598946,1.6532982026047374
404,0.8143849346434335,-0.8740406270756469,-1.2907547364304817
405,5.927439299483389,16.269091807479867,15.875517278865848
406,6.2301020646000635,17.283864484469866,16.891659683026923
407,5.534319840987766,14.951034447101634,14.555680821532741
408,0.5136258811451514,-1.8824305085655881,-2.3005057296758196
409,2.6046009601440687,5.128224989863759,4.719612661814134
410,3.0229014096070665,6.530709589262853,6.12399031697474
411,0.5420898341736452,-1.7869961005659651,-2.2049425055337672
412,0.6475098724980146,-1.433542069120878,-1.851011386360983
413,0.5729464350099828,-1.6835395838007385,-2.1013463444863767
414,2.789639150228358,5.748624064803931,5.340849143485016
415,3.3764981263049085,7.7162544534949165,7.311135414490447
416,-0.3608448719976409,-4.814370374951433,-5.236403090966662
417,3.085399262715131,6.7402534149798,6.333816982265638
418,2.517996907004366,4.8378575017822545,4.428853239413703
419,6.417311400464521,17.91154301254859,17.52018544354901
420,2.617539247208831,5.171604690684582,4.76305091599989
421,2.959597475463199,6.318463121844206,5.911457361990961
422,1.2079193177578107,0.4454078993614531,0.030474764739643723
423,2.992121840452215,6.427511345581284,6.020652777624715
424,2.4442242426188603,4.590511304114642,4.181173177014322
425,-0.17165052324619667,-4.180036463147425,-4.601212963367503
426,4.583973690455885,11.764698305387693,11.365043804077455
427,4.217589677313967,10.536279984161329,10.134967379523934
428,2.9298350180275197,6.218675066996556,5.811534614504093
429,3.014745936589243,6.503365785728881,6.096609605124743
430,0.9412743926413335,-0.44860357364524384,-0.864743433510637
431,3.500864610278154,8.133232438285017,7.72867623082741
432,1.7533660476874262,2.274190630771228,1.861725963673218
433,2.4267117263562277,4.531795052705865,4.122377671160919
434,1.9866426816228295,3.056324350479313,2.644915397465433
435,1.7107369784682085,2.1312631891597587,1.718605600430426
436,-0.8239931214481975,-6.367221412828407,-6.79135014729923
437,-0.26185281089180834,-4.4824681708253475,-4.9040528894935465
438,2.347668836168847,4.266778755634936,3.857003658484218
439,2.8106331510561624,5.819013094695156,5.411333183587857
440,5.179821587642822,13.762466896030574,13.365508957194018
441,2.701315278068798,5.452490339339201,5.0443157005079495
442,2.230562628969297,3.87414314574675,3.4638380740752504
443,3.670900659375743,8.703332089165645,8.299545394919939
444,2.4452691183476225,4.59401458057479,4.184681182152209
445,3.298028286403823,7.453159488811364,7.047685327590991
446,3.5030818665263674,8.14066649135637,7.736120318288442
447,1.561057241623864,1.629414515471284,1.2160795378254956
448,1.5991846142749537,1.7572485950840406,1.344086166242732
449,2.0077329278716185,3.127036073594675,2.7157225663595996
450,4.573764781835289,11.730469709326034,11.330769006694926
451,1.1479426680624139,0.24431720574796434,-0.17088735851827352
452,-1.4373340870218811,-8.42364104972333,-8.850545513099387
453,3.9668432304390997,9.695573189445854,9.293125809537374
454,2.009176294144539,3.1318754156792084,2.7205684405261374
455,3.664888925857491,8.68317585054367,8.279361949665077
456,1.9186004771696248,2.8281913327469823,2.416474448705701
457,3.0407715617814177,6.590624928215075,6.183986528884607
458,3.3871237664841414,7.751880273952994,7.346809322225
459,7.016645472432354,19.921000107106146,19.532354877573255
460,0.9973208279061696,-0.26069016735782546,-0.6765763841125629
461,2.8171868358974823,5.840986396591188,5.433336144765547
462,0.8642688951236912,-0.70678886719729,-1.12327722226734
463,2.4744270468332594,4.691775760855567,4.282574319222849
464,3.2680302639908607,7.3525816278489,6.946971707919121
465,2.626531974700902,5.201755654735542,4.79324257743623
466,0.5291834412947187,-1.8302688660380695,-2.248273680030846
467,3.0128276324754113,6.4969340642710565,6.090169202211612
468,5.236923468176907,13.95391901650662,13.557219497291848
469,2.051841911660044,3.274925397017177,2.863811508897985
470,3.4696913464096233,8.028714208517997,7.624016923691607
471,2.4795753824280906,4.709037184775999,4.299859042392365
472,3.8352115693991125,9.254236399971088,8.851193309312958
473,3.806350393782906,9.157470177572144,8.75429647310554
474,3.4330506501632034,7.905864681908951,7.501001576363928
475,0.07125084213935606,-3.3656327861645705,-3.7857100147252165
476,2.050571981228061,3.270667553461303,2.8595479181593753
477,3.253978203460522,7.305467649107307,6.899794135332046
478,2.2139451769282448,3.818427880322696,3.4080476048990413
479,3.3924544237854843,7.769752989077803,7.364706161711934
480,2.848678922817287,5.946573581507335,5.539065849912452
481,0.12097345862822717,-3.1989219830636113,-3.618774187516009
482,0.19810133824947584,-2.9403263647897786,-3.3598295201864596
483,2.1462628540079263,3.591501479289269,3.1808149015139886
484,2.6725960905017554,5.3562001767974765,4.94789556673726
485,4.811332639101939,12.526991112916413,12.128365544680971
486,3.260603053425433,7.32767955459537,6.922036022165831
487,5.716695052811705,15.562505044906603,15.16797677452424
488,3.459890684753485,7.995854389566541,7.591112750977117
489,1.1093772181034225,0.11501433336085953,-0.3003647622675454
490,2.202096014008143,3.778699812775681,3.368265912914941
491,3.275703552956779,7.378308756794793,6.972733563014379
492,3.0733638168525843,6.699900774931683,6.293409874740458
493,-2.6091032034912396,-12.352367738899707,-12.78457514727603
494,3.875664430836184,9.389867416480683,8.987007398832658
495,0.7609561249518952,-1.0531776154599624,-1.470133521628898
496,1.2430363213106759,0.5631487641469507,0.14837455463743265
497,1.013349731595965,-0.20694819648725038,-0.6227618730175637
498,2.301452878496874,4.1118251356600215,3.7018408840963484
499,0.13222657834977336,-3.1611923389168703,-3.5809936163785068
500,4.124936058590191,10.225629413487786,9.823897496686183
501,1.7203576485590444,2.163519529442495,1.7509054799084172
502,3.0407184275047427,6.590446778741835,6.183808138947487
503,2.472363524033762,4.684857147809566,4.275646367521519
504,2.536298203463198,4.8992183883542335,4.490296950124998
505,5.21998396334228,13.89712396720049,13.500347786755087
506,4.9776470322780515,13.084612734856659,12.686739837149382
507,5.193029444703923,13.806750415551159,13.409852250042471
508,3.5949170503880414,8.448573000216971,8.044442435413739
509,2.859479376166228,5.982785518424527,5.575326665238611
510,2.524124446485893,4.858402016534852,4.449425484889357
511,0.1613873700935844,-3.0634215586571756,-3.483090866371013
512,3.210353436988217,7.1592018174345196,6.7533308759117565
513,2.6352071499714826,5.230841924496163,4.822368107471489
514,3.990857729081989,9.776089393892166,9.3737506937259
515,2.77448080869117,5.697800928979827,5.289957407242673
516,2.0074154576037095,3.1259716540797573,2.714656710104845
517,4.235514538502561,10.596378752392773,10.19514726830351
518,7.200611923705159,20.537805838602395,20.149993165551233
519,3.6507310165603166,8.635706980322551,8.231829006570493
520,-0.7040053896150469,-5.964924579944703,-6.388510299299595
521,5.335947493835095,14.285928391907525,13.889677014698186
522,5.091338067923234,13.465797901611252,13.068439522763178
523,1.1526376676273873,0.260058677201116,-0.1551246394284338
524,2.558256823525937,4.972841609418408,4.56401954687065
525,4.013197759814902,9.85099141489939,9.448753816522371
526,0.695752070486183,-1.271794837420722,-1.6890458303177223
527,4.860154212397154,12.690680883637041,12.292276261759019
528,5.9312349424543935,16.281817901411856,15.888260550316549
529,2.246570762095469,3.9278154767313462,3.517582851285244
530,3.197740532113439,7.116913063350582,6.710985041008825
531,2.4358787885657605,4.562530529053332,4.153154633860979
532,2.192282146137666,3.745795715812482,3.3353174024228096
533,2.8671337599351014,6.008449261716119,5.6010250491224305
534,0.8268462734478587,-0.8322600461952372,-1.2489177606567603
535,1.9198534492636048,2.832392318109388,2.4206811045043812
536,0.8644363207695839,-0.7062275197490391,-1.122715117119487
537,2.459695652316455,4.642384099995501,4.233115990131141
538,1.262496853941227,0.6283963567457514,0.21371021760160192
539,0.35655672518866677,-2.409054547703925,-2.8278405992017897
540,2.124192078799827,3.5175022226164856,3.1067157615916834
541,4.2697865518895,10.711286520307612,10.310210137252746
542,5.735845790526918,15.626713952038283,15.232272350016972
543,1.1240619809069037,0.16424964664860142,-0.2510629917841032
544,3.182233975201626,7.0649224253140535,6.658924226674517
545,3.987111297682225,9.763528297322475,9.36117264234883
546,1.8997960587175737,2.765143570514084,2.353341585410306
547,2.1994140322598223,3.7697076204347035,3.359261583027835
548,4.118532961479464,10.204161004601865,9.802400110016729
549,6.468928614361096,18.084606052874694,17.693482082151892
550,2.8298515471533197,5.8834488479582046,5.4758559114059295
551,-0.5554819706066485,-5.466952827638956,-5.88986639109626
552,-1.727387464119623,-9.396136764001174,-9.824353889645147
553,2.835792384767187,5.903367385630529,5.495801334865463
554,2.0027848513559228,3.11044608159534,2.6991101814014042
555,0.18166737522470044,-2.995426425234208,-3.415003953987239
556,0.9512474264051896,-0.4151658226673265,-0.8312605486844271
557,1.7384162643875332,2.2240667524216535,1.8115344287541937
558,0.9850981546033553,-0.30167054663470716,-0.7176120781808741
559,1.2040898849888713,0.4325685144414442,0.017618049382203793
560,4.663500248332436,12.031336251410101,11.632041654586619
561,4.611048212186302,11.855474205369926,11.455942232207617
562,2.594836519534521,5.095486613430786,4.68683009553968
563,1.1548629608570529,0.26751967679545485,-0.14765356907233684
564,3.9197954056931565,9.537830471917982,9.135170172908364
565,0.4403147444158606,-2.1282292887468293,-2.5466362859045075
566,2.5700071363678685,5.012238250804046,4.603469365338583
567,3.2948793618708416,7.4426017230526424,7.037113311095176
568,1.7822763640270536,2.3711216129925847,1.9587877820937323
569,3.5585540576928842,8.326654562623855,7.922359433874034
570,1.5185722927871883,1.4869702830393328,1.073443035991788
571,2.083819078217417,3.382138964888565,2.9711697922710316
572,4.036729813565357,9.929890070207144,9.527758968225227
573,0.9491893514229517,-0.422066170182378,-0.8381702102002353
574,1.203490150744844,0.43055771564344414,0.015604536433723393
575,4.467443582787789,11.373994251445966,10.973812382804418
576,1.160326824118191,0.2858390070443335,-0.12930951162596283
577,1.8086425995541529,2.45952275938952,2.0473082512266054
578,0.4124360978599386,-2.2217012716169657,-2.640234436060748
579,3.8330993642587408,9.247154563975077,8.844101914345353
580,4.18424348978715,10.424476340356781,10.023012824591978
581,3.6847152433741774,8.749649852700848,8.345925677579544
582,2.768934369899588,5.67920473813979,5.271336115502258
583,4.239452356581783,10.609581533356556,10.208367870212058
584,3.098898851667009,6.78551505796272,6.379139718834929
585,4.12954553870705,10.241084153934262,9.839373097743517
586,3.053324356202602,6.632712142985586,6.226130552438931
587,2.232177900354142,3.8795588541066124,3.4692610924889413
588,-0.6254639017952535,-5.701589392945601,-6.124819665835572
589,2.439752866914572,4.575519602404912,4.166161239697521
590,2.8570362822170705,5.974594273009994,5.567124363385866
591,2.3809564903979696,4.378386148040079,3.9687616971191395
592,1.915488979796097,2.8177590533816437,2.4060280879832
593,2.3866957703622407,4.397628899922998,3.988030422622252
594,1.394259811672038,1.0701733599164733,0.6560835257167885
595,3.0456295163877987,6.606912758000523,6.200296343774225
596,2.5246330767662113,4.860107360470954,4.451133130676885
597,-1.1866942358923684,-7.583291650969132,-8.009061821482602
598,2.626304378659694,5.200992567000231,4.7924784596948555
599,3.2386490680073763,7.254071872643825,6.848328985507316
600,4.476930942606758,11.405803626865378,11.005664694111637
601,2.323550945689521,4.1859158973457,3.7760316525438493
602,1.8236422633029936,2.5098138777254437,2.0976672518703694
603,4.692255963906787,12.127748885653059,11.728584425369265
604,2.186300863825261,3.725741574492347,3.3152361922793983
605,3.52862472561178,8.226307007731393,7.82187643113634
606,3.484950848158135,8.079876515955817,7.675248289357163
607,3.2733067263162394,7.370272637170419,6.964686596338584
608,0.9625935160069379,-0.3771244675832415,-0.7931678458661509
609,2.477125395750691,4.700822829309269,4.2916335992937595
610,-0.26573272663256065,-4.495476815880248,-4.917079093451042
611,3.5879835659163755,8.425326299898622,8.021164356996842
612,4.174528372731911,10.391903336744635,9.990395854356459
613,2.225688914788353,3.8578024770015324,3.4474753489045096
614,1.2202141091465055,0.4866300773380938,0.0717525838845039
615,1.2312943224699568,0.5237799980808139,0.10895264911475055
616,2.8452068258660925,5.934932277970787,5.52740883309339
617,4.045002982184304,9.957628485480665,9.555534824456657
618,2.249463191234366,3.937513260530923,3.52729372502927
619,1.5210162601098065,1.49516445671476,1.0816482700579622
620,2.7365226916287044,5.5705343322774095,5.162519027716947
621,3.4943617823828337,8.111429650390813,7.706844013809178
622,1.2349125457680519,0.5359112364270311,0.12110026205121627
623,5.327706711980698,14.258298563508692,13.86200989191063
624,1.4390020356798767,1.2201858215201236,0.8062984722210631
625,1.4202879948914529,1.157441078998367,0.7434690376489358
626,1.1958470721798142,0.40493187662459673,-0.010055892014640522
627,2.2687963083830045,4.002333652414688,3.592201610648342
628,-1.010982299835666,-6.99416179331187,-7.419136763883898
629,6.636092817602183,18.64507693192208,18.254709477618206
630,3.951738643594901,9.644930283237072,9.242414546181967
631,2.4633882044208484,4.654764549181099,4.245513150288588
632,1.6656875789128929,1.9802208243484927,1.5673593605683673
633,2.1299342548147373,3.536754684425416,3.1259942101271454
634,2.8475882928141285,5.942916899366421,5.5354042320287915
635,5.5594663946311815,15.035346224098685,14.640106401487255
636,4.0935490833340005,10.12039464867927,9.718520687339058
637,0.3297788254491809,-2.498835928615885,-2.917743165872566
638,4.147492987655603,10.301258654777252,9.899628821357545
639,1.679085349190862,2.025141088013677,1.6123402570304999
640,4.450207121162939,11.316203560548995,10.915943686772561
641,5.102776576447273,13.504149120372,13.106842507508153
642,2.4413639069195874,4.580921123725179,4.171570051922126
643,3.6572935322290387,8.65770989036135,8.25386161585563
644,2.822612355722245,5.859177168338444,5.451551470183677
645,4.411235974449712,11.185540461438315,10.785104220283078
646,4.299829130509009,10.81201377004926,10.411073347346862
647,-0.18195549685140477,-4.214587147463145,-4.635810283754688
648,1.859066671976144,2.6285854154340305,2.216599105880367
649,1.1140758421301142,0.1307679569686402,-0.28458987462025354
650,4.329526880719582,10.911584873452538,10.510778850551066
651,5.697119813701525,15.496872862543825,15.102256002681756
652,5.110355489515835,13.529559824263142,13.132287510442154
653,1.6640533107886326,1.974741423409522,1.5618725636041426
654,0.17639391262226134,-3.013107377035526,-3.4327087713109945
655,1.574578832273642,1.674749926107432,1.261476141618661
656,3.554336067166163,8.3125124148883,7.908198197248467
657,3.502083889907225,8.137320458999127,7.732769769499554
658,3.580584546273591,8.400518745632302,7.996323317811284
659,1.1510170146369911,0.2546249253059887,-0.16056572573232097
660,-0.14892923939249836,-4.103856170431278,-4.524929843467299
661,3.2816563193228303,7.398267289382771,6.992719035374182
662,0.8689920584251923,-0.6909529679069459,-1.1074199478828208
663,4.391432689483624,11.119143683194153,10.718617820517482
664,1.4173983563740988,1.1477526516404215,0.7337675329757479
665,3.3195841774926693,7.525432433574457,7.120055825449885
666,3.059605961377902,6.653773211720199,6.247220049134551
667,2.443279056660458,4.587342269149628,4.1779998645264795
668,1.8087172212594345,2.4597729522654106,2.047558781809635
669,1.2262471872045844,0.5068578802828145,0.09200769005873832
670,5.3363957339882795,14.28743125883604,13.891181910177249
671,2.849051813380637,5.947823815096679,5.5403177710510985
672,2.94423138299653,6.266943435300461,5.859868134833741
673,1.6100891077895758,1.7938093595731501,1.380696279983798
674,4.247441862716318,10.636368880405547,10.235191374479237
675,3.5231697958394523,8.208017629830048,7.803562366466792
676,3.9299376079282764,9.57183541371767,9.169221014143268
677,4.1719040362402415,10.383104418364454,9.98158505930887
678,3.1239496875002217,6.869505910717707,6.4632439413679545
679,2.9723397900555737,6.361185762949329,5.9542376695702295
680,5.909481273200934,16.208881842778453,15.815226043524728
681,1.6064961205158124,1.7817627329827153,1.3686333930109793
682,4.499729448516236,11.48224283095522,11.082207074860793
683,5.170760698451205,13.732087398316938,13.335088453623207
684,0.419419417888502,-2.19828748182709,-2.6167890426370928
685,2.6279297084719655,5.2064419994203295,4.797935247689081
686,3.255901972101836,7.3119176921223685,6.906252884532608
687,2.205312225949875,3.7894831808606937,3.3790638362521763
688,2.8918362012763756,6.091272011711151,5.683959592205333
689,0.7878593930430904,-0.962975897484653,-1.3798100505291808
690,1.0309881557000122,-0.14780979920521942,-0.5635436514838092
691,0.11622435811349585,-3.2148448450673763,-3.6347185419951034
692,2.6595163880742563,5.312346336231819,4.903982532818903
693,1.051363644904181,-0.07949452521792844,-0.4951361664140743
694,4.537154667471002,11.607722718152486,11.207856333203763
695,2.0662972968219737,3.3233916491907407,2.9123431801984005
696,0.07898382033123807,-3.339705530204112,-3.759747762486514
697,1.2778934854850506,0.68001843520766,0.2654019748842953
698,2.8064496470721467,5.804986574004967,5.397287730079566
699,3.403402158544233,7.806458733518571,7.401461451096738
700,3.724558319030365,8.883236369455044,8.479692507704232
701,2.3668141164770815,4.330969365083108,3.9212809115954412
702,1.2896412616440736,0.7194065715612568,0.30484327684020407
703,1.841265341960083,2.568900824541537,2.156833953491007
704,3.389262672573593,7.75905163332851,7.353990361409612
705,1.0114231253797301,-0.2134077533699772,-0.6292301489274936
706,0.8583556943459745,-0.7266147436326342,-1.14312985941694
707,2.8013718785452206,5.7879617485058175,5.380239924688872
708,4.106121755733927,10.162548510662551,9.760731448065705
709,1.655903443545245,1.94741641500785,1.5345106722558688
710,2.664234955900394,5.328166827737162,4.9198243786211915
711,3.612899279264387,8.508864111771594,8.104814927139067
712,4.692899201771958,12.129905544104622,11.730743994850823
713,0.951863837762239,-0.4130991085715918,-0.8291910449644582
714,1.6256535601241857,1.8459941103315856,1.432951469050881
715,2.674318511579239,5.36197513840216,4.953678323311198
716,2.1663992213073726,3.6590150214372064,3.248419572576993
717,0.20171433237322756,-2.9282126589049575,-3.3476994633764825
718,3.229354948898429,7.222910397842704,6.817125449346355
719,3.3917174515980846,7.767282056655054,7.3622318940562135
720,4.575643463292855,11.736768583292807,11.337076382801158
721,-0.33957631863030424,-4.743060820808044,-5.164997284099799
722,1.7844931876283288,2.3785542154781023,1.9662304170109515
723,-0.8204478395153112,-6.355334733486349,-6.7794474234695326
724,3.9098219538478616,9.504391319189873,9.101685884439904
725,0.3209927650337352,-2.5282939759067067,-2.9472409752585804
726,3.6686888540092126,8.695916311899738,8.292119607932804
727,1.115270889080712,0.13477472996141238,-0.28057769333657956
728,5.152935597867556,13.672323109075991,13.27524349530959
729,1.7302340833595418,2.1966334018336178,1.7840640489806616
730,1.8308856827032987,2.534099732949744,2.1219858878312117
731,1.3747828633864547,1.0048707286405767,0.5906927497850188
732,3.016384993574845,6.508861242840606,6.102112479934139
733,1.8805887642935022,2.7007450391224324,2.2888561297052354
734,1.8630344223852244,2.6418885540037804,2.229920200856289
735,1.9073761597843755,2.790558257545205,2.378790576860692
736,1.893455505689269,2.7438848604522468,2.3320541806137234
737,2.4018437547848395,4.448417310243631,4.0388873864890815
738,2.5569349974539826,4.968409769310799,4.559581724721985
739,1.2821210078139442,0.6941925413256484,0.27959521302930335
740,3.127180142302003,6.880337032497188,6.47408968285698
741,4.445875786681542,11.30168139134551,10.901401915730956
742,0.8219604783081857,-0.848641220176777,-1.265321045737274
743,0.7912772265390383,-0.951516529349786,-1.3683352146858767
744,3.3377643005913162,7.586387048119509,7.181092715753477
745,3.0816758864332714,6.727769617987031,6.32131633480346
746,1.1485493793436956,0.24635139727076627,-0.1688504212697901
747,3.2882364732330407,7.420329337206523,7.0148108622677166
748,1.6406357729691496,1.8962267189911184,1.4832518810426445
749,0.8406033337965683,-0.7861351488951311,-1.2027306045606427
750,1.173568917965644,0.33023731622304053,-0.08485127417779181
751,4.21762250038044,10.536390033876229,10.135077577782528
752,3.3158238971880176,7.512824904169497,7.107431278563103
753,3.3248427386848167,7.543063423683319,7.137710613643525
754,0.7193911968004842,-1.1925371874669235,-1.6096811994024551
755,3.139074362830031,6.920216169930166,6.514022648639236
756,3.2902545568518176,7.427095601022986,7.021586259100469
757,2.307565829946493,4.132320739420363,3.7223641525603255
758,2.194039236825033,3.7516869182530703,3.3412165567330483
759,2.9724764249982836,6.361643874823633,5.9546963997980775
760,1.6865494952368663,2.050166999151527,1.6373999478228916
761,1.9922862909471055,3.0752463362732074,2.663862923913567
762,1.3347627135302833,0.8706905146078705,0.4563314210168187
763,3.005336604644441,6.471818023444203,6.065019260074308
764,2.548716426862317,4.940854411197499,4.531989172738995
765,2.04474903372823,3.251144279694554,2.8399982921275804
766,1.2618291316839776,0.6261576066232669,0.2114684456428586
767,0.44085526131120445,-2.1264170348455833,-2.544821585846141
768,5.258594954842895,14.026579532014537,13.629978089033584
769,0.9363932355840281,-0.4649691969882437,-0.8811311469625562
770,4.084797487361531,10.091052154337426,9.689138586873916
771,1.1502607116783095,0.25208918035666383,-0.16310489339772283
772,3.0824118294381697,6.7302370997497505,6.323787147141493
773,0.3696747545516337,-2.365072203961181,-2.7837988886544007
774,0.05271178541591848,-3.4277908392467182,-3.847951967951839
775,2.216891448223514,3.8283061869861803,3.417939245174426
776,4.43412418960939,11.26228044417181,10.861947785663057
777,3.073345426049906,6.6998391139472275,6.293348130526804
778,0.6577585522942334,-1.3991801276101214,-1.816603063541384
779,-0.01200084351078412,-3.6447604016099415,-4.065214393053293
780,1.0013648086121079,-0.24713144259999487,-0.662999357961596
781,4.888887445777259,12.78701813921084,12.388743552127364
782,2.5684070623147184,5.00687349630685,4.598097369564431
783,1.2723095259157455,0.6612964440893845,0.24665471306203557
784,3.7339086171856777,8.914586202283239,8.51108465613552
785,0.833318801605347,-0.8105588477583048,-1.227187270219937
786,4.405492557644488,11.16628383948724,10.765821605990192
787,0.0025352706704164785,-3.596023479858098,-4.016411686828264
788,6.335652957268464,17.63775724650322,17.2460301249809
789,2.896579121383509,6.107174151943029,5.699883196942556
790,1.9792321700766038,3.0314782659709247,2.620035776030188
791,3.3690929706053883,7.691426326157125,7.286273774464157
792,2.7113962332562616,5.486289931034066,5.0781609144590725
793,1.9755101707519778,3.018999085662948,2.6075397514843557
794,2.9526822184293997,6.295277534778265,5.888240479316368
795,3.116576441110091,6.8447847694351065,6.438489431805254
796,3.770866417751411,9.038498921448795,8.635164631103423
797,4.082629587168228,10.083783583055588,9.681860204567604
798,1.6491739795209162,1.9248537577875422,1.5119175602496289
799,2.5984312424714924,5.107539059381226,4.698898809727394
800,2.8993849428730942,6.116581556197222,5.709303299190601
801,2.822644371728118,5.859284512127353,5.451658958863865
802,1.372052686354005,0.995716946361459,0.5815266118477427
803,2.654381485356648,5.295129950282289,4.886742908411973
804,4.225506562928651,10.562823847941605,10.16154707187179
805,2.2732469137980416,4.0172557151583455,3.607143815001303
806,3.962162599043194,9.679879891825397,9.277411329304638
807,2.3399078131562647,4.240757470540201,3.8309472501919206
808,1.3807708711430338,1.0249474191401156,0.6107965395444294
809,-1.431444241993217,-8.403893480826083,-8.830771289186398
810,0.9657266445611096,-0.36661966284108893,-0.7826488618730112
811,-1.5837962607219556,-8.914701824992832,-9.342269115918127
812,-0.06070008680492056,-3.808040022299079,-4.228714406484578
813,3.0045039393747834,6.469026249687643,6.0622237180172736
814,5.442620477718185,14.643583319747128,14.247814700581685
815,3.5856760412862796,8.417589593517768,8.013417207708738
816,0.04593194294539238,-3.450522406146705,-3.8707142176298817
817,1.5425699457811288,1.5674300071178784,1.1540113635760696
818,1.8030285319744728,2.440699821640834,2.0284599065174653
819,2.363802072470489,4.320870534595638,3.9111684498358237
820,2.8862570760464195,6.072566229245025,5.665228560913451
821,-0.9966368290046339,-6.9460640637075155,-7.370974112579731
822,2.070677136839401,3.3380764485500487,2.9270478009119296
823,3.7319176871669035,8.907910979501613,8.504400423223625
824,0.7676287920086264,-1.0308053880430474,-1.4477310964657635
825,2.27042627193575,4.007798620915759,3.597673955693951
826,5.419597730896841,14.566392277054659,14.170519466407779
827,2.289900032686265,4.073090564971876,3.663054029980462
828,3.3924748880423468,7.769821601973501,7.3647748672204365
829,3.241070068091955,7.26218904138742,6.85645711070139
830,2.625015254679865,5.196670371002654,4.788150429652433
831,6.232187570962151,17.290856804364665,16.898661441065613
832,5.053646508861169,13.33942502493909,12.941896069599544
833,2.1626480915881174,3.646438172264895,3.235825747334645
834,5.036917651674296,13.28333623851712,12.885731575251565
835,2.485534908568061,4.7290183816447975,4.319867209624943
836,2.8448908071110828,5.933872725112075,5.526347850063803
837,3.014150724885641,6.501370150178459,6.094611275890992
838,1.8322509452542088,2.538677207595648,2.1265695410938035
839,2.5029026452302023,4.787249213637351,4.3781766408492135
840,2.739012188447421,5.578881157993127,5.1708771198711805
841,2.3398637278447705,4.240609660585642,3.8307992407253755
842,3.301010202274452,7.463157305190979,7.057696638895189
843,0.7433143749272461,-1.1123271639430738,-1.5293629094154828
844,3.7262151695022494,8.888791484859107,8.485255121331981
845,1.577739797278802,1.6853480613584668,1.2720885820970091
846,2.520622010678735,4.846658992385049,4.4376666101558655
847,4.574906718989457,11.734298414923337,11.334602880230038
848,2.6075698740970283,5.138179213200967,4.72958032123459
849,4.390008208499383,11.114367660014887,10.713835350723253
850,2.4081063971118524,4.469414800029873,4.059913218418286
851,4.224388309393644,10.559074549170713,10.157792712345405
852,-0.10110138098174648,-3.9434981432538496,-4.36435536707725
853,4.838570388152791,12.618314284132502,12.219811982744698
854,3.530691811406394,8.233237566845723,7.828816345030655
855,4.1878127815246735,10.43644352016509,10.034996157546411
856,4.157834942802927,10.335933331413253,9.934350301428257
857,2.1584830869542637,3.632473676498985,3.221842402471084
858,0.036119887810988294,-3.4834204253387115,-3.903656642147122
859,3.787196750042783,9.093251527072585,8.689991141093493
860,0.4329998498474197,-2.1527547870857386,-2.5711948884471654
861,2.385946885678171,4.395118027086302,3.9855161606415512
862,3.8055632389269656,9.15483099187632,8.75165372507065
863,1.911077563390119,2.8029683841895308,2.3912174545351226
864,2.306284408250217,4.128024367765324,3.7180619817178124
865,2.031421047743151,3.2064579899497634,2.795251685400843
866,4.34484764492826,10.962952582670372,10.562215895245341
867,3.822136833903716,9.210399212616728,8.807296951084187
868,3.76100298190359,9.00542863215906,8.602049703960484
869,0.6667236163780709,-1.3691219138875428,-1.7865042776266438
870,2.2770487041712557,4.030002420201146,3.619907725383423
871,2.8110878683383334,5.820537678247863,5.412859825003929
872,3.9104245099772648,9.506411579251369,9.103708871422562
873,4.432843766843341,11.25798742174637,10.85764896857089
874,3.99265824978908,9.78212620921442,9.379795657464204
875,6.631563956346748,18.62989249171478,18.239504541647864
876,3.429895305143581,7.895285389437604,7.490408004099004
877,0.5966437324452578,-1.6040868967595947,-2.0217864132252004
878,3.365919808765134,7.680787297157521,7.275620385039372
879,1.8597952272642821,2.6310281275390146,2.219045115126886
880,5.216856686816248,13.886638783234222,13.489848450021716
881,3.8594146248432835,9.335384800749509,8.932451243164092
882,2.2644652968833676,3.9878125661096995,3.577660923966922
883,2.4175456394250734,4.501062846287731,4.0916039828039095
884,3.0563466754010182,6.642845424304533,6.236277511531299
885,6.680068604601536,18.79251967096822,18.40235123298635
886,2.312578607214139,4.149127661160743,3.7391937600685545
887,1.0056820355870792,-0.23265657327513467,-0.6485049506433889
888,0.3743182647468961,-2.3495033669102723,-2.7682090369865113
889,4.856152700658884,12.677264549529767,12.278841818455692
890,2.0868049442494554,3.3921500254341153,2.98119436561797
891,0.27730785371867017,-2.674761462193521,-3.0939061614837104
892,2.1733582643940395,3.682347415098584,3.271783460004699
893,5.4458741086379,14.65449214679461,14.258738252224264
894,2.3727826908246747,4.350980898930648,3.9413194567552274
895,4.427186207399837,11.23901866376419,10.838654606801978
896,1.3534019277749416,0.9331843774679112,0.518909637293074
897,5.290115530302849,14.132262233774773,13.735803439952004
898,2.9395115226115394,6.251118610082664,5.844021949469414
899,4.126975983085195,10.232468905751908,9.830746220809422
900,4.779836935387332,12.421391801551307,12.022623696716987
901,-0.6011299192376487,-5.620002017596372,-6.0431221648913525
902,2.6185788735729814,5.1750903669891954,4.766541297225771
903,1.6433075465927713,1.9051846853643748,1.4922219387642548
904,3.9252599707078133,9.556152155017662,9.153516586381397
905,3.4935745231427964,8.10879011471415,7.704200915321033
906,2.548572158852731,4.9403707070515654,4.531504815695399
907,2.217119069995978,3.8290693609937088,3.418703449304461
908,2.858950573929153,5.981012541621439,5.573551295294132
909,4.368807577625878,11.043285837521486,10.642657582895657
910,2.0323881333965583,3.2097004505709363,2.798498522653862
911,0.47909045768191216,-1.9982214420993736,-2.4164529563296506
912,4.257256303197764,10.669274897228146,10.268141807422163
913,2.3281737619642553,4.2014153514808505,3.7915520276438146
914,2.554482271302385,4.960186228890029,4.551347084271617
915,2.317503585706908,4.165640209730437,3.755728597064961
916,2.6688355415722773,5.34359174674287,4.935270117985148
917,4.088879150494423,10.104737221353592,9.702842125818377
918,2.4462529229584824,4.597313096790401,4.187984150662782
919,1.614874818905467,1.8098549702002134,1.3967635487707135
920,1.1207735702546908,0.15322420954437033,-0.26210331088222105
921,2.748381231090356,5.610293837646458,5.2023321999574526
922,3.06566743873934,6.674096232314481,6.267570501481912
923,5.607929127888599,15.19783287006224,14.80281236984582
924,2.768301030830896,5.677081268535137,5.269209779665516
925,3.9710035607241245,9.709522012978452,9.307093461013437
926,0.17295220207467765,-3.0246468005402605,-3.4442637705818777
927,2.9074130116368,6.143498196660925,5.7362562713910945
928,5.544415884834434,14.984884628300339,14.589576693272768
929,2.774692022781455,5.698509091041749,5.290666525172682
930,3.9081680105107917,9.498845950874987,9.096133031057835
931,0.13920870000226526,-3.1377825670619197,-3.5575522463131337
932,-0.011673506175992054,-3.6436628996315443,-4.064115409680771
933,3.010410362676833,6.488829402491619,6.082053600863431
934,-0.732898454025237,-6.061797719614433,-6.485514197093342
935,4.723094614937496,12.231145220015847,11.832120322780803
936,1.018776402219257,-0.18875356632381424,-0.6045426839752117
937,3.5992700485497195,8.46316780376256,8.059056938838339
938,2.3457882524715727,4.260473503807699,3.850689895908765
939,3.860215447665743,9.338069812627513,8.935139879236768
940,3.5788822960689393,8.394811413260584,7.990608281755388
941,-1.1849499278097504,-7.577443306255203,-8.003205582747833
942,4.286168641559896,10.766212658919668,10.365210414463697
943,2.9622528534383443,6.327366116618687,5.9203723739138425
944,4.405780643099731,11.167249737120924,10.766788807380115
945,3.8976236903908204,9.463492781643804,9.060732142571325
946,1.3495528741673546,0.920279207478649,0.5059870480705366
947,5.265468766768414,14.049626161242566,13.653055826306757
948,5.140427102468315,13.630384420791948,13.23324819872087
949,1.465267270092078,1.3082483297244787,0.8944798460718586
950,0.5583318175476372,-1.7325397126396238,-2.1504126130720036
951,2.7251734571828665,5.532482433108409,5.124415766581488
952,3.680164302865575,8.734391384811781,8.33064661400582
953,5.136185703073176,13.616163787418987,13.219008370519006
954,1.2468851261475018,0.5760531000535315,0.1612963086514534
955,0.11395363127754199,-3.222458175201134,-3.642342148504431
956,1.15437731789872,0.2658914051291372,-0.14928403855891004
957,4.393527882423968,11.126168480407133,10.725652099711814
958,2.3285073483576864,4.2025338054054355,3.7926719912431848
959,0.666001549129384,-1.3715428727875767,-1.7889285043060146
960,2.450450938402324,4.611388271740803,4.202078324104184
961,2.8965266769693185,6.1069983154520395,5.699707123109728
962,3.287916421530512,7.41925626261534,7.013736339254174
963,5.199096475177809,13.82709205471184,13.430221346087343
964,2.0632990530795245,3.3133390884549625,2.902277050644805
965,2.0391196653732493,3.2322700412557914,2.8210985774833484
966,3.006745187298116,6.476540742440317,6.069748353736075
967,4.018432165594185,9.868541416344279,9.466327506734586
968,5.213784357513282,13.876337827217494,13.479533589906389
969,2.808482651431654,5.811802864325432,5.404113220941461
970,6.284216942829518,17.465301734686992,17.073341834922136
971,0.4660595704791365,-2.041911614179896,-2.460202100845245
972,2.75619974040792,5.63650786376625,5.22858160943418
973,3.979599717051852,9.73834334673307,9.335953697435464
974,2.643884310959895,5.259934852004146,4.85150030424065
975,1.1320779166583455,0.1911256073500589,-0.2241507542548844
976,2.708574678891841,5.47682977733938,5.068687991570007
977,3.4478692851029598,7.955548843888268,7.550752801389159
978,1.4716782082047164,1.3297430280500973,0.9160035576661599
979,3.7809530167390366,9.072317435769275,8.669028793221688
980,1.3780452280989404,1.015808838491427,0.6016456237565471
981,3.6753781187262047,8.718344188223906,8.314577757117373
982,3.859524224335965,9.335752267723993,8.932819206140813
983,3.346457755603484,7.615534606497164,7.210279617132347
984,1.9589802084933106,2.9635771574145062,2.5520430154265243
985,4.021119196176854,9.87755053649978,9.475348787285176
986,1.607044616333978,1.7836017387471068,1.3704748810418141
987,-0.9707521226526357,-6.859277396217069,-7.2840703015563175
988,3.8863084848236626,9.425554975056746,9.0227431280185
989,1.8958577787951123,2.751939241074652,2.340119432936
990,2.2296106709651324,3.8709514053557643,3.4606420255139363
991,3.3459272729159144,7.6137559954521965,7.20849860534097
992,-0.6715357771360422,-5.856059931320208,-6.279498706565778
993,1.7150791014970979,2.145821530382041,1.7331835923153545
994,1.5104414424570365,1.4597090348558925,1.0461449909244736
995,4.2858531694803474,10.7651549389634,10.364151266810563
996,1.0230598989513673,-0.17439178830977298,-0.5901615206170265
997,6.814563542971378,19.243456503579782,18.85389673436292
998,2.433432087014679,4.554327188011927,4.144940220054829
999,2.148742257115088,3.599814462643609,3.189139105626861
