,HP1a,HP1B,HP1C
0,-605.4562771925087,105.36922543211948,-154.7111162078571
1,-223.6718243864426,131.81104857949032,-154.46479406701962
2,-215.2271417804644,-33.09925992823076,-153.81693560417185
3,-538.5000029933885,36.888252119082196,-154.11669700065977
4,-551.4580514248418,168.2645759588295,-153.90901935842626
5,-811.7372612037224,104.06276012068393,-155.04143312239194
6,-412.4664184901071,87.43772478147314,-154.4954375625337
7,-540.7661863826626,-188.57025768912646,-154.31812131789545
8,-655.4706167722618,22.531095372832073,-154.67462559513146
9,-509.33377377257136,107.19286340161608,-153.49801702140343
10,-724.3585123036057,67.7965555475813,-154.90998093437813
11,-316.6079745766326,187.9244276936708,-154.28474941144978
12,-975.0709872537275,131.28896938384372,-153.8057367184242
13,-435.1377846799209,-17.44792548017357,-155.01739818066542
14,-17.595649501567188,99.24612384895168,-154.19421469784314
15,-826.0774458768085,121.95737886573768,-154.07193503599623
16,-611.8092381148583,-2.696745152632481,-155.25892597712377
17,-736.9736619355149,31.566067235532024,-154.6613855671025
18,-491.4031141674164,163.59730652928081,-153.66535506581133
19,-118.05973173099981,16.978032785983803,-154.78108982815021
20,-867.5295655562215,80.30314981280134,-154.7034466842183
21,-863.9515415525892,112.70292799724993,-153.74277182879
22,-149.38518242850645,177.68432872746783,-153.53969338878645
23,-567.1120038686395,164.68086977274595,-154.07399163404747
24,-711.8887897637578,17.785776776942214,-154.64456461116518
25,-107.79857218407992,-22.77362329242005,-153.5215310440493
26,-191.93768448316177,-81.15262173247223,-153.9531596148413
27,-682.8000864833195,148.13924239580874,-153.82052631261755
28,-510.15719888924787,-20.188349106562324,-154.44481422496176
29,-594.7818303213606,91.80371223066543,-154.09157152088733
30,-222.91463449636356,269.3943638995271,-154.84722024338785
31,-331.24129535284175,96.99374017800179,-153.59196361921147
32,-642.6719150942545,-125.41501303052465,-153.69939104605703
33,-883.7494656706382,40.27923231467011,-153.9510670414491
34,-800.6393407608252,40.694876944414936,-154.2785181347773
35,-881.6958285216033,-40.2890661293684,-154.80488997386925
36,-559.105443060616,122.69411050639147,-154.28484705207205
37,-691.5606707493239,153.49322105238687,-154.81628157472707
38,-734.7457657392065,-86.06337325038334,-153.83628961661955
39,-170.61028495621463,257.1321594014276,-154.481538503588
40,-243.68976141523146,-60.716723221003306,-153.6268966792287
41,-79.46901199898407,-122.47613371042593,-154.01210822133245
42,-196.50525666435772,-142.89104793745278,-153.05539988657475
43,-431.20682465639806,17.51613686812656,-153.29581547657895
44,-701.1518048771476,264.39105447206236,-154.02199362941894
45,-437.57761028675367,-36.18177094932087,-154.93700680223063
46,-508.5051879451538,-9.901511340782264,-154.96130270774444
47,-624.1249112125793,-4.456789030919817,-154.23265152959243
48,-767.0005900997568,-119.71003302846246,-154.54077018353823
49,-250.1848840003153,191.04237310829404,-154.2413148329971
50,-382.35447761096907,-90.91554251481554,-154.1326775751782
51,-478.8873263684938,137.59437945329756,-154.05165396015525
52,-592.7321191075376,-44.61308653159986,-154.16410494691905
53,-283.8856637089186,12.172300757540382,-153.44386065790474
54,-930.2659560336185,-12.581690200491588,-154.30844544515887
55,-781.5686032141734,5.774158683133068,-154.5818843321148
56,-740.1993136376577,-103.53630868516203,-154.59651811233036
57,-777.903254536767,131.2139216683811,-152.81012588401705
58,-640.3660030680345,-123.43351159524757,-154.05745816555088
59,-297.8566930507805,36.19344066894988,-154.72144276283572
60,-444.11041650486874,51.59988799691274,-153.85794491587677
61,-406.08416082950373,-53.22460183153113,-154.1720009054528
62,-874.9950017323071,71.00363855287794,-153.74685566914147
63,-459.14738421630125,171.27411190433304,-153.94871892148018
64,-411.9015365312638,-98.47383663297094,-154.47911780422936
65,-508.19617134491045,-33.59982153453804,-154.26276938067994
66,-474.52443165623976,112.2916406053167,-154.31691807804538
67,-307.3272487384917,103.80242751003135,-154.16151499642825
68,-333.74537705878225,141.33036064040348,-153.79810642734122
69,-882.0771941345184,119.71226451499786,-154.0086854907815
70,-1000.4711071520863,-20.86723599364681,-153.59223801066267
71,-395.487753197791,24.209438036440186,-154.29836960595895
72,-673.1041817139777,227.44491215862075,-154.41667090181195
73,-393.67314581757034,172.6698894851439,-155.48177892967138
74,-567.4838489921458,-160.25608141589203,-153.84731096125577
75,-230.82680809637054,178.2851889285104,-153.7052406525373
76,-708.2774209562677,143.44609617618755,-154.65758034125037
77,-459.29797766843086,124.48771630302852,-154.24756406642618
78,-781.0890505812077,238.80384013333477,-152.87820171521471
79,-282.96914888012105,170.42954596787828,-153.38978352531083
80,-543.3392639530547,115.89049351720237,-153.84858920408453
81,-440.3275476337703,0.7194298191352773,-153.59414287255188
82,-518.5666732173726,43.53219965559554,-153.97102147754333
83,-741.2720953240839,-107.88347925842976,-154.89550088258454
84,-901.5960518825882,59.04943327026644,-153.86913734790775
85,-547.6915929501033,22.426284300096466,-155.2200072051334
86,-475.9071288189594,172.81295361559933,-153.48375914125674
87,-518.6171400451699,33.80605386072635,-154.4039652616068
88,-412.2843668857203,-84.80507779187312,-154.608964086616
89,-782.3976010889304,148.7036858389652,-153.03645708602465
90,-354.87013846277193,136.80430382002848,-153.80415305045463
91,-608.7472430443065,32.8199191164443,-154.25853015304108
92,-491.25475112186683,47.45642641792936,-154.5984357638138
93,-223.48103167575974,-94.00665058315626,-154.5060231856749
94,-442.00213162639795,-27.23102180899642,-154.35406311527555
95,-646.1424732777868,102.86349343048263,-154.79505399717738
96,-682.5292524730444,-59.23093541612723,-153.70559744846642
97,-472.00628373264993,-54.76852810988889,-154.29591017440973
98,-514.5205676937644,70.52136829374794,-154.53491940178785
99,-348.3496010590625,165.3960082090787,-153.77041274548196
100,-407.71625197261085,113.75797795549515,-153.37657836121684
101,-601.2592094204715,-116.50794547632874,-154.49637295547933
102,-264.3346853634685,81.39657751470631,-154.18705923589974
103,-842.526760780379,64.56190016485127,-153.84689463943602
104,-864.4512710331833,97.85198799892933,-154.32026336668477
105,-395.3306103738161,91.77398682506431,-153.33195367906652
106,-687.5556836689028,105.99652240873162,-153.22318456802526
107,-273.9877684862889,97.09593484133258,-155.59767861543
108,-506.75021934374854,93.38830114255516,-154.4786784478347
109,-1077.26224116447,200.7931653476009,-153.9556689882657
110,13.67700385029355,225.5176233248803,-153.68348571903962
111,-396.78104134525034,52.00073745454622,-154.87764590814072
112,-670.7168012235816,38.02153012465671,-153.6667229815901
113,-403.6377203869673,-7.220406863335103,-153.99194149912228
114,-604.968929240552,172.44372379096336,-155.04744484351195
115,-103.9174066709748,-71.88305903834285,-155.17568768159367
116,-530.5106955288397,-32.18504612764683,-154.09633823772083
117,-785.9492091116572,-19.046309198608835,-153.18878427879608
118,-727.0655251128982,28.084373508866257,-153.67696842877683
119,-693.5427065532124,226.50139935388208,-154.32762948102783
120,-238.08399267380446,-75.07874889577042,-153.90683552376817
121,-955.3354465292025,-210.11512657922444,-153.80301092265734
122,-614.4283036799553,-69.91642433220036,-153.69164261301702
123,-348.78863568687854,145.0159479298575,-154.1986451558673
124,-917.4295455088362,43.16856560768673,-154.54702147644747
125,-611.7106969570114,144.71081446091011,-154.62706881290885
126,-805.3568379195956,97.71089859224764,-154.50055271771328
127,-588.4489735578255,-76.83919488920354,-153.4734158146336
128,-595.344902206665,24.534665604205713,-152.77198695847287
129,-1016.5402950094858,-91.8007686585352,-154.28401572109476
130,-671.2792600674939,4.358504746623847,-153.76535244843603
131,-479.5207892506776,96.13163063206939,-154.56135128276355
132,-740.2632447527051,-40.843694864890516,-154.0477832783802
133,-1017.5940337349842,-157.7357370964071,-153.8367050784167
134,-301.07220289889113,232.33538761781026,-154.3606402892219
135,-421.7307223666474,186.20354251238743,-153.29652891637969
136,-409.67448850248195,-25.54756516939471,-153.29304593018392
137,-491.7035459289381,-55.008252706830255,-154.20201164837954
138,-372.88013505110223,256.65344388304817,-153.4207297293169
139,-1015.2438159868798,360.11983031717955,-154.9511491754848
140,-722.2184431049557,92.50528332617739,-154.7646571215994
141,-75.56430946923716,-71.24370517276368,-154.69173064080564
142,-442.4347788970202,55.28368494914115,-154.78460705028127
143,-513.8364655290313,-44.43247403502803,-154.2171529684147
144,-21.538511036889293,209.93077336087302,-154.16616651868534
145,-527.2774371138136,213.30768514787283,-154.73478024954366
146,-574.0938897883526,29.50263447305723,-153.56542686178005
147,-494.1894643235753,40.70806946340958,-154.11280268154812
148,-836.73306620989,111.34987073491257,-155.04033708764015
149,-487.8219690839548,180.8129988614358,-154.02795025541812
150,-564.339509343997,189.577589759659,-153.9692541795997
151,-189.33382878947424,-84.35935275496963,-154.22947530900592
152,-218.26188078458586,197.4483431848739,-153.4555060767022
153,-519.9165282122142,77.47708438579573,-154.83232833849064
154,-715.7001134490536,31.494545154948604,-154.77396116876858
155,-530.5002347459102,107.89374152461495,-153.5519943911889
156,-477.84278968311475,-58.48340899386643,-153.48333161111307
157,-421.6417966486522,-22.98851560437584,-153.4185319296283
158,-346.5426526419688,192.97675680952645,-154.5343220440382
159,-1238.463619516977,121.10894215206646,-153.47905095971382
160,-767.6736393026839,222.28397022947172,-154.0541450655655
161,-459.1716676136568,66.26585119613753,-153.52902417898915
162,-360.7442570100847,82.57488359031383,-154.21613342942595
163,-153.83135558149158,158.44394434661763,-154.80412305938336
164,-634.3964001377176,82.23966249203372,-153.44708564805296
165,-521.08282722141,129.66462972254052,-154.13518608454902
166,-680.6558367214325,150.33340053385163,-153.9988186681028
167,-1015.4047935690894,-10.887413948549794,-154.56451352451487
168,-575.4862901238923,271.26837420654294,-153.96193383683047
169,-654.0773370235252,44.29500877364224,-154.51904200334636
170,-516.8749234233161,66.80467634997498,-155.50005638282283
171,-647.1706305489246,47.68046135677924,-154.46764882651942
172,-408.50059252315964,94.51889539873986,-155.53308119213108
173,-480.5378698598927,-12.313016131902396,-154.77384034676547
174,-175.67867074913738,125.61381718502693,-153.59942603643572
175,-394.0683919964471,76.58549254806921,-153.75934138590043
176,-223.3559072953043,-178.0204738497414,-153.9011149233981
177,-218.58385466172194,-153.82111005525,-153.66765800719108
178,-264.1346497952313,244.84251542882296,-154.22520148228415
179,-508.60426103936254,15.264247796443252,-154.86571475236718
180,-511.57502395494447,143.21462603894597,-154.73799854185572
181,-657.5568981202688,21.82765871919069,-153.89438043292802
182,-304.0172756643419,79.95069073721042,-154.18391305864048
183,-331.88771522929267,-80.28252287227596,-154.77036483260883
184,-618.7928666764202,67.93371174885758,-154.2826823004993
185,-618.11048712057,239.43728843702044,-154.56819890399834
186,-836.0371592003319,143.79534026295943,-154.9363195437858
187,-634.2004321123427,-42.04120383203369,-153.92659273723584
188,-784.1954736232819,203.0191368042569,-154.76301484958742
189,-715.0151594943311,132.25692587878265,-154.64392905689863
190,-716.9765743782771,60.33012511056776,-153.78177985569062
191,-175.46867509346507,-125.93152453314124,-152.76024268834107
192,-665.2380781429337,-63.527441156948,-154.16738510093919
193,-658.3779034957985,-4.696687365104479,-154.7272397490359
194,-587.5179638814111,19.105830662425692,-155.2870543682562
195,-496.1822135119346,147.02091138904564,-153.63629835171628
196,-164.7061389067578,24.686501654624646,-154.53474444432408
197,-750.584843207032,161.10411124041119,-153.6495247361823
198,-436.5409522249532,-25.814278061383114,-153.8252924038974
199,-717.7862195187141,32.527415621010185,-154.4998076708856
200,-620.7653179233392,113.35552013157056,-154.3012029917806
201,-839.5769364217853,-124.71218050639553,-154.24764333502085
202,-707.9549414597366,195.84137523671743,-153.73414659540757
203,-1096.6550779626689,-46.86543050571134,-154.3431331981234
204,-745.2318277083518,-84.43871934961422,-153.75215242451108
205,-421.614808760447,183.24120461861975,-153.5778396329054
206,-615.9483271625068,-71.29254001007428,-155.06894846692222
207,-159.57390868488216,-101.84997695209711,-154.00606017353832
208,-186.976145006092,12.839532396352856,-153.04476313992822
209,-353.85064471238326,142.21035081580473,-154.74453751464998
210,-203.20986927486553,-247.86301125021075,-153.637537811326
211,-754.6680105035035,-87.36092858597532,-154.218225025935
212,-349.62705392987385,77.85426275481353,-154.12549139371595
213,-461.6925802845697,141.185222775808,-153.35808203052275
214,-531.741215016976,107.15751990656571,-154.57775205574495
215,-193.53880940798857,235.74706679306635,-153.54957478714348
216,-913.3498630156075,-55.61393212899279,-154.30726068853642
217,-516.2712406303498,-48.89735919332904,-154.9436962073868
218,-207.34001658832113,-70.86997061164917,-154.55652479760315
219,-472.28305996457414,-2.0679856714489864,-154.6042500729031
220,-787.2445456148067,-121.23333564097038,-153.94447337657374
221,-715.2110458709267,-152.85086392867703,-153.56416648235245
222,-883.181079616523,220.02145844390733,-154.58449390626987
223,-529.5946679027478,407.0156907983837,-154.47565636921271
224,-287.6459851596033,10.744031592133247,-154.7831022268812
225,-447.54469528459947,33.50947413124312,-154.5359584565481
226,-318.47789776652735,-15.352586764537145,-153.58089509760518
227,-513.4347231485353,65.07817844495679,-154.24787470377248
228,-536.2672915878796,47.61833657686107,-155.12828348464785
229,-197.48818274821681,221.6064189369741,-154.58936718636812
230,-612.2918533450879,-66.05035270117511,-153.80101874086378
231,-104.39015748638111,158.43522211776997,-155.8858189511931
232,-403.86846941689936,122.41579744124451,-155.30461869131702
233,-675.4411382792971,80.8839944862717,-153.78401428383324
234,-394.01595597575056,-158.627432950807,-153.86210284110803
235,-1038.6743532883036,-22.256762466222934,-153.9877698921953
236,-280.0107574406438,-78.28819581051714,-154.28029114134674
237,-573.5723334911313,103.08133941627929,-153.43766854904848
238,-213.97707520483223,-88.09801179471813,-154.11791090544776
239,-658.1638799520096,-115.05540040186146,-153.64854688775804
240,-327.5643029273633,50.94610592559436,-153.79411647479156
241,-885.1643358542408,-99.7259043100217,-153.5587102168408
242,-778.6808029740633,90.59478237929615,-154.22350497455807
243,-636.1130640617575,-108.51729197781444,-153.8264091124979
244,-319.1600562762446,78.96474759761723,-155.28812644794024
245,-475.38243257450443,136.72229199745567,-153.8175250247398
246,-498.87984811885764,17.093404607558146,-155.08722488891533
247,-595.2530101270676,3.2291577933243847,-154.8621268536947
248,-581.1428412971038,-114.6842574327912,-154.41733400546175
249,-297.50078335647163,162.74347948158766,-154.40227429352652
250,-737.5771259401121,59.70365089518848,-154.98397196837647
251,-135.17385277755383,229.3325375090629,-153.42578703752352
252,-183.76792351116478,75.74651751556051,-153.76241383370126
253,-933.3144358435467,216.2711772414328,-154.50772009944865
254,-861.3001968794764,203.20101113943804,-154.18657617867993
255,-330.4243940053365,-2.4603271082503015,-154.49828027124786
256,-731.8613249995843,59.558830852301675,-152.72256688885724
257,-260.9383307101303,123.50742847239933,-154.13442089884873
258,-646.6046862652063,225.52597519354154,-154.13651793005266
259,-475.9550073108157,-129.94463502665084,-154.3938340023091
260,-241.9724330483727,-33.747025419035445,-154.9341139899458
261,-961.4012053575906,-57.54903999640736,-153.8274546731472
262,-113.22012510131161,-14.355368400581392,-155.00807398831853
263,-184.55389439471432,-29.874923698851042,-154.24958099623373
264,-389.35325230388634,57.167168285921015,-154.6477626814354
265,-822.5364468288585,9.781969132847948,-153.66251192353525
266,-309.7708728849888,-162.7195681267853,-153.26128476253373
267,-340.89811179348766,62.764016682400424,-154.49312131609133
268,-524.5495130092362,11.940053483973395,-154.11817995099418
269,-283.42622741276097,35.421151772611815,-154.73647408702232
270,-1091.1106059844665,181.60535992067383,-154.28402787113097
271,-466.69670476514773,-44.143666391318106,-154.22457843150602
272,-608.3394912500213,-140.72037124580444,-154.4982223861687
273,-522.1049470865004,127.01364299129644,-154.28074233236973
274,-850.8775293965144,72.86231691307438,-154.41267858158895
275,-933.0709297158705,104.28312990236476,-153.9706658273383
276,-624.100260151234,-43.276285558613786,-153.73004305593156
277,-1103.6952898300722,-6.423450426811939,-154.62235109077702
278,-485.32244489164486,-36.983200717706566,-155.51143100411815
279,-473.4809561703285,137.35243850032433,-154.11946098667096
280,-580.5320051535952,133.53321791347398,-154.38627141604314
281,-473.3084241469528,86.27375940205623,-154.05060417502548
282,-444.0031141906576,43.4704932835947,-154.236099583033
283,-237.44246443169402,126.79799936521862,-154.31193546116924
284,-824.6635134620454,83.33235161108222,-154.566522691564
285,-466.3784179361215,-70.721059000882,-153.17612360989412
286,-435.3467010629923,36.02357962367384,-153.3213747034725
287,-723.8268185605726,-123.967376911457,-153.47518464041892
288,-297.2505151853499,-72.8735706760841,-154.18392978495143
289,-504.00268852390366,34.483243870003314,-154.21753346902904
290,-554.8748137324627,-129.22535359154617,-155.06087016296033
291,-189.6051802195929,-67.93122069890008,-153.34395575938692
292,-434.49669916483657,165.65955018747246,-153.47506474821708
293,-448.82023997996436,50.19947174974934,-154.0887046824117
294,-746.5011125419065,41.29380747550703,-154.7034926644287
295,-1050.3728355897085,-40.57177205791929,-154.04339693939872
296,-704.5456964579852,-67.12809964638944,-154.21178646549708
297,-721.76673590912,-102.9551448752366,-153.8009141897162
298,-853.629684557586,125.19709679020036,-155.34311458052866
299,-780.7976249307782,90.327066224963,-153.9832977723712
300,-183.49041203793266,29.262545412133186,-153.38381036151355
301,-277.11331631152,69.30539961609445,-154.03668446169192
302,-131.19564308819253,81.12633580571536,-153.9434419326518
303,-363.03057330563485,93.212925812048,-153.64426618265657
304,-178.11205534113188,140.01013110033668,-153.13695859711203
305,-884.4106697408059,-176.3573236646177,-154.2487442186196
306,-532.315278757028,63.86227712110618,-153.54561183580938
307,-246.85679019397435,152.04510180355211,-154.39716094743918
308,-306.1771243546418,-9.954103691247449,-153.95650095792755
309,-529.8000736522092,-36.25911535965143,-153.33494425881437
310,-443.6696837400235,27.651730106804276,-154.18961386455604
311,-827.0599002522837,59.84749803494638,-154.3464520710144
312,-382.4665671914545,208.35119794852747,-153.9168407076952
313,-178.8404454828352,-71.35361696258897,-152.57040393926158
314,-556.5824117547955,14.739114338201572,-153.79447072462466
315,-734.3549597687546,92.43247912738691,-155.15484067755747
316,-799.6964330808416,-4.550514871312949,-154.31256799325584
317,-694.2524814698481,56.584315981279175,-154.31293292083004
318,-935.8521682610768,248.9992961093997,-153.82263917503627
319,58.915057402581176,2.3469538660390654,-155.0661577992361
320,-427.1150087073174,33.26345137238294,-153.81928613437975
321,-388.6069175241822,-70.6852803091567,-153.80395642074384
322,-411.7427801419142,221.1645780969747,-152.9271278046266
323,-411.4328206435514,-44.312740873907195,-154.11211899388618
324,-325.22662368475886,98.62411599120482,-152.70548729008144
325,-567.9336259871764,188.43861526127014,-153.6793444665175
326,-759.8119755694163,-33.533845592745635,-154.5078116377231
327,-333.34995470595624,-4.83821404270257,-153.94009195844163
328,-390.10223536005145,-48.56426590629636,-154.93096811523912
329,-332.4027170818363,-93.19895623371376,-154.11235972466346
330,-120.25771595201824,-155.7054887239773,-153.58076248073746
331,-298.0904415922928,81.57456972456175,-153.83763984297008
332,-334.93532268397746,-154.62286848916685,-153.5186108910792
333,-822.2934637187767,-47.114718587799814,-153.7425317581345
334,-784.7321178036547,-96.26169096403527,-154.15539865968944
335,-247.03100133251377,-58.975934147124995,-154.97580774060742
336,-477.3989616578979,-105.04876279086709,-154.10911098294827
337,-1058.8116836162385,-23.949078316812226,-154.62489848911056
338,-818.1479637511353,184.855973348023,-153.52431300124175
339,-913.9585695302525,-67.15093572518394,-153.07987314361054
340,-422.7375039538792,155.29589975882953,-155.15287363475838
341,-600.0313395801563,79.82988782684748,-154.2911171396991
342,-17.475190121157635,151.09394497617117,-154.57656889911237
343,-85.02511732128515,-64.75935431048576,-154.03106105570663
344,-489.5902426190389,-12.82149893394249,-153.95283991327875
345,-321.2195428190441,183.76256901552364,-154.29640468259262
346,-484.3660391292664,35.851377101529046,-153.59115057771345
347,-697.6603276530171,121.26152179318446,-154.92665947617215
348,-414.9023879766043,79.02374709085258,-154.4702408354173
349,-359.0024282582068,-30.282407806874698,-154.90065612417334
350,-780.0676753693782,50.760365323450216,-154.33224313765768
351,-533.552645413957,59.70985258420955,-153.92973218459065
352,-1092.6550306843699,-19.545878593481277,-153.19921166910746
353,-628.65589281567,180.94067604257307,-154.81635611029517
354,-832.1039643043192,14.489315412931523,-154.6236684221456
355,-629.3239286025039,-13.723910985912454,-155.52687875026396
356,-318.8656542349147,131.24334982855152,-154.14813973168063
357,-793.6855037491185,172.3100430810669,-154.6017249773764
358,-783.1582758787833,43.40775126703083,-154.98239511126647
359,-294.5094069508406,57.365877838398724,-154.32285985555848
360,-99.66901951670668,6.497542866876404,-154.56963262324174
361,-529.5871673607037,193.93373029611323,-154.25937666097428
362,-759.7083649065388,116.61866211415138,-153.6068920732158
363,-507.16397827503937,27.747466866987523,-153.63172428194576
364,-8.009620259820528,-24.34683231295105,-153.8993853702711
365,-565.203427017932,58.38330548382137,-154.44328092255586
366,-268.942355065077,2.4412677687793747,-153.1660104343928
367,-274.7996954053494,3.8056326900598494,-153.92330295162216
368,-408.1142171858234,-9.098685749638218,-154.32933641136233
369,-554.900317241989,23.722782536923106,-154.57475241701582
370,-480.77740096425487,-40.69377093512352,-154.32778967084766
371,-360.29998688527286,14.786784795504593,-153.24588845110355
372,-802.519128250652,33.11896121647497,-154.57621809950453
373,-838.9910586084053,93.52777568595032,-154.1873275968553
374,-413.6430285398056,67.66925674737946,-154.28027972535946
375,-969.7143656270683,178.7775533764548,-153.86093128767004
376,-545.2481742565852,-1.7823067053999633,-153.38909673958844
377,-355.5138865853711,56.64716569884505,-154.0338318512502
378,-296.11451132468096,82.2672253438194,-153.2009607765997
379,-889.1844353223752,27.739589591910818,-154.75970037307522
380,-723.325810569224,167.08453379012303,-154.09427734750983
381,-549.4882428479392,29.352252879927942,-153.84685042681733
382,-503.7845179001198,367.7169861959872,-154.2668815113124
383,-686.068081005199,221.42515910521587,-154.27152499921306
384,-312.538607864427,2.8411762095559245,-154.72562610617874
385,-662.608460256153,181.11313784934532,-154.45546819194965
386,-612.1599944531372,182.95381129390802,-155.1020953157374
387,-338.5191541828589,128.76209008735646,-154.05774286303935
388,-763.0255617073751,-79.55776456957189,-154.30277439295745
389,122.711822629963,145.79579507472687,-153.81157916588154
390,-313.8787343164759,70.61435063489343,-153.47938866711402
391,-1017.5626787980466,-6.480645649660247,-153.73883893026064
392,-591.3179390945385,295.98092187919866,-154.3496922966313
393,-754.9228639268567,-22.361792097670882,-153.97528772472432
394,-560.9523787611179,50.28346210257937,-153.4104219922588
395,-441.11823999058896,70.73239518693912,-153.6231379911246
396,-486.3883980136144,105.4346182875337,-154.0068968623743
397,-407.1710987964205,-21.508897432024817,-154.53381768408363
398,-47.07701213482593,-28.722067460485018,-154.79529681719774
399,-421.03823273542724,127.67503388413999,-154.2749366546274
400,-840.3229005699603,33.674263196280506,-154.39166800394432
401,-677.767463415571,28.713120060089338,-153.50647389012798
402,-633.7305612417578,178.46307159514578,-154.21121162486375
403,-648.8394296116433,41.153259266910894,-154.65082471158115
404,-230.62931506627055,130.1024877853676,-154.13430850123115
405,-551.6355194921267,55.288429687995205,-154.30850168034098
406,-637.223363612078,81.92465799633615,-154.33065751234884
407,-324.8402835179876,89.75668197843741,-153.24085131359587
408,-266.0920390937163,164.7621456873193,-153.72184625685242
409,-433.9911844682641,147.0078746184016,-154.28078361388694
410,-203.29702406522267,-53.972649861978546,-153.05393705767764
411,-700.7034454847511,126.10441782551183,-153.25880264728636
412,-751.7666252972512,71.48472027819848,-154.5283810122743
413,-595.5163579679992,-7.525122420563675,-154.34122442258234
414,-555.2846406301171,29.16225384919646,-154.28090480522795
415,-587.8065499474908,60.84794732114485,-155.25571740255103
416,-418.2360430888641,186.67761111895925,-153.85379161306847
417,-233.92752415043935,-19.990181220511168,-154.16397559073516
418,-372.68825386823994,-16.883562708272056,-154.2862972547948
419,-694.1892817155247,160.7781352471135,-154.42913322155803
420,-396.94288128305715,-72.88530293487042,-154.15002858120565
421,-595.7026218498498,9.2433893190703,-153.65545959507546
422,-168.33915568465216,154.96410455818435,-153.91925497978164
423,-319.00232259095753,-128.21222543944103,-154.46596643658708
424,-222.47858737045317,85.89302393876149,-153.69886378540187
425,-236.3577232545415,19.509751724936244,-153.68011636718506
426,-534.363754521199,48.49176789424515,-154.12540352451597
427,-573.7270851881532,46.7604500514513,-153.46440624520304
428,-463.9286846471343,77.04111745509786,-154.16324904500803
429,-507.56596437727313,-104.681927805448,-155.05079767650497
430,-810.5495158215973,-83.98119832692329,-154.08908904357816
431,-722.4700116847615,60.5892656201274,-153.7814488329313
432,-566.5970705105083,179.69232766262078,-154.15844368253434
433,90.1590642694368,-67.19389802261377,-154.01476934751062
434,-552.2600778154605,118.67924213498874,-154.24880779077176
435,-818.8755414411976,367.6654900931564,-154.87758167989833
436,-335.0594199129331,162.50665262655863,-154.0350201280674
437,-91.1508264787076,-106.34719712207661,-154.6765055184534
438,-661.6580860853443,237.74517021920437,-154.00532235945306
439,-616.4131086706453,-58.93884801093582,-154.721378742828
440,-523.6671042106871,128.17700310285716,-154.49916870937787
441,-383.3639092775425,85.65891591528006,-154.230674737233
442,-591.2741756397418,63.826500509776174,-153.69835343056687
443,-459.87695188709097,-101.55316346579191,-154.25830966548287
444,-661.6282344963404,137.54911326948073,-154.7091179827912
445,-746.6202739144611,-14.353761361527129,-154.5692388969036
446,-787.0384014800036,193.9933358217235,-153.82656836078834
447,-562.5872658385535,124.46847227333947,-154.0604565043533
448,-321.84010458524295,-50.984113482350445,-155.13974157521577
449,-611.1930704627771,-66.7957203082322,-154.12446234965856
450,-799.3389394657651,164.71898451921044,-153.8768677995652
451,-303.9441145992156,-112.4442707483346,-153.59613419927848
452,-1365.5257421801325,47.71589000951116,-154.02369921592012
453,-998.0715290257041,-43.18497994746176,-154.21298091402147
454,-1237.8542378998652,-117.52622012329454,-155.17337229632494
455,-773.2120198291556,-38.11234600340596,-154.2535461816479
456,-222.13043471105382,-114.47125071992566,-153.44344561748107
457,28.082365673983578,124.59433229392218,-154.41569224303552
458,-584.6517886610302,242.5651393018437,-155.01871289247353
459,-574.9989943466236,-44.65741191626403,-154.3837137611441
460,-419.87160568555174,214.05281021182486,-154.08604785075494
461,-269.38166909950183,112.07093165614414,-154.7727788439855
462,-567.0732294203635,-89.03989607718181,-153.97981411399658
463,-500.58079829598194,16.098491683011368,-154.44694101371005
464,-504.04487324890243,137.46029157822542,-154.39838736015102
465,-487.4837188589635,29.89023728531491,-154.00646971216833
466,-510.6578489150401,23.58199331216219,-154.6161885401854
467,-666.9033974796472,-105.27308250612998,-154.40998697700567
468,-574.8571527726788,193.9546596584189,-154.49725371557895
469,-338.8274473775747,39.78479864496795,-154.08241745179413
470,-363.0399322792566,160.97016818935575,-154.36402858813452
471,-691.1402980349969,47.48635655977037,-154.51158101552514
472,-776.7119183406877,19.476409179199482,-154.22588174303104
473,-114.96848004023198,83.45700729654936,-154.34694407427207
474,-817.4865965248847,150.85044694797998,-153.73600230920084
475,-894.782504601698,17.932452425678992,-154.33991059110633
476,-841.1082326040168,-101.69165313786141,-153.56616411651697
477,-73.01107530664869,-66.05688399836349,-153.99733569452525
478,-308.67261237266916,67.68925559674962,-153.1956628975278
479,-226.69497205725807,200.238891714372,-152.98917637051892
480,-313.89663901419965,288.340200079452,-154.7175622181721
481,-761.8824295417639,4.16830787561858,-154.41463856573966
482,-582.9139280820708,9.210635936122028,-154.15500665329137
483,-633.3563622105855,59.38208346268148,-153.4561913341497
484,-283.3660553560291,285.149473901248,-154.15465594412274
485,-189.99795978539402,41.15560892099767,-154.57811018316164
486,-468.3822973445235,-154.9794975806478,-154.16547427149146
487,-418.81777709006076,-8.738838382526248,-153.56498990258734
488,-428.25393870529234,115.97746323975366,-155.10417484842338
489,-711.9260984867625,49.94927393093825,-154.2218575072659
490,-644.2123954691816,95.94004759826477,-153.79037081578406
491,-611.9055894954869,219.62367702455785,-153.3019496727097
492,-548.9528459305379,-17.201978354091132,-154.5654474094153
493,-97.37589630190283,-88.37395733103797,-154.2402513777447
494,-92.76711643649013,252.33049212368906,-153.57986544751878
495,-539.3151187014219,48.66673506586728,-154.8741926696025
496,-471.9785803189832,86.75472414229479,-153.47241070045575
497,-282.1750501553019,106.47313887685107,-154.78261228181177
498,-429.4366888776989,-35.36679833509111,-154.53603317520162
499,-713.7805128249264,234.15619483015774,-154.2449239158569
500,-122.26932033938226,136.7517368297999,-153.61438482115034
501,-456.8568689073114,-99.19867385528487,-153.294652644809
502,-942.5390684045589,70.12568448100399,-153.94703936084292
503,-575.0468757814676,-35.79271325232508,-153.5531159621631
504,-611.3681413748003,-44.49513456993171,-154.03329116916763
505,-648.0041574855555,66.30120277625326,-153.61295596808293
506,-221.5138920590195,130.6769447162294,-154.06415880058114
507,-281.05036481398287,72.48205349624077,-153.9836076955058
508,-611.4839050517191,159.29904437231056,-153.51928219435183
509,-216.83439487002576,-165.87197489827983,-153.42374658907192
510,-328.5647095699726,-117.17569192773496,-154.86115711026
511,-502.56295938141886,176.7954822627538,-154.27552151855824
512,-525.4410482663474,152.0114245540704,-155.41728666427423
513,-700.5099883799395,24.20253645020561,-155.01884028873872
514,-582.8839037951518,74.5809311244325,-153.62998531825457
515,-570.1555324608006,-122.96044296811844,-154.08599262521668
516,-535.2883887862557,83.0180292232648,-153.2954214938323
517,-698.377246389293,-139.74134711162952,-153.81707680632286
518,-264.89394434733174,115.15682448910007,-154.2607183653107
519,-684.8959767974801,-130.88740782612246,-153.86627833050434
520,-1186.9418201293506,-78.7397079537539,-154.03487669491625
521,-715.0718531509294,149.6731055893163,-154.1570991879633
522,-456.5897741513636,65.3662206661352,-154.08810813773655
523,-434.38295441858867,-174.36019436074142,-154.1906432500764
524,-590.6432657582262,69.17166874625057,-154.21279191143273
525,-763.6844462820474,49.118473447961826,-154.89960817090176
526,-427.3481949571025,204.27055460673867,-153.74546687868974
527,-765.3287789794136,-131.35965063923328,-154.10488325723568
528,-463.5482192739299,117.57915093602209,-153.95116798311273
529,-700.8598511647144,6.917641763019948,-153.75754939145975
530,-252.54354353844516,125.16504346131825,-154.13719580546876
531,35.1839531410033,-35.32615998671504,-154.6198567062112
532,-891.5192612177065,-251.24873032111853,-154.25099584228371
533,-747.9690503463884,17.726639224952308,-153.20485797767995
534,-495.6245626117891,111.23635188655625,-154.22392753090313
535,-489.7542980925009,271.259119528749,-154.36069442399273
536,-438.77727174805545,-125.60309384577454,-155.64788151007932
537,-560.5392091836062,15.356542292677501,-155.37759745893536
538,-239.40993558109457,216.10886235603124,-154.44865708157363
539,-477.1562929259193,109.29500540967535,-154.10537660317453
540,-604.5997798253516,-76.61753573824397,-154.56094589815328
541,-547.4322581062481,120.4276322548078,-153.91695967814366
542,-387.1598033123627,13.966736809741102,-154.22708683132672
543,-470.63190662697906,28.506672623696595,-153.9553026001768
544,-916.3605998254886,135.11496696676846,-154.5353743272427
545,-672.2568452829424,71.34691466360987,-154.47860776886253
546,-739.3231425959593,172.85274539203024,-154.27087789399627
547,-192.15394731562597,64.93814414395987,-154.13020890687778
548,-444.8112225124057,141.20205302125888,-153.91221838182082
549,-667.0747247641128,153.15361279554978,-153.49849694451507
550,-581.9802294405047,96.4015620958591,-153.99276134201463
551,-392.4782244926527,124.89579778847943,-154.4847265984897
552,-348.3331415823105,-17.038659181072806,-154.78507851647487
553,-574.6415791399311,46.69297002848338,-154.30018521413226
554,-769.0441806696304,230.9154925471711,-153.69442919146283
555,-700.5184148750743,-85.75870680776674,-154.46963705947482
556,-336.69710240601415,-51.418133478832836,-153.87934972159152
557,-379.0905740715018,20.32346194255477,-154.06591234220758
558,-840.3780228911495,138.2182658838223,-154.0767661403291
559,-84.31670466087898,65.76196511048023,-153.5627260587928
560,-684.101726532684,69.00587393777087,-154.49096140919994
561,-630.94495938944,-105.04244518720968,-153.9838868450046
562,-406.75383757707345,52.60949150244904,-153.8989568537339
563,-756.194991048132,60.90480274462827,-154.08174854071075
564,-889.704736334003,103.95458857656115,-154.09283599563327
565,-575.3936249548898,87.16504208306556,-153.97251707588222
566,-979.3338717412414,214.49699136876407,-153.97650148366463
567,-553.2216271732526,52.57034044289466,-154.9030484327987
568,-782.9069827952055,213.36003747373343,-153.94902638430906
569,-611.5813767140393,-6.341342526793059,-154.79032554064543
570,-905.7076067394052,81.99946655205888,-154.17786747057582
571,-196.6308721552915,183.4551853871732,-153.74150891571142
572,-693.7141906679439,-62.583480442500665,-154.32831497753745
573,-749.1138762703002,158.55809042552687,-153.3314455256613
574,-1034.0220021874768,132.7424129930819,-153.61140969035495
575,-434.59582652197986,16.123984504171617,-153.6054808085225
576,-752.6939716694026,171.04941900229173,-153.72336153359106
577,-263.99044970999034,39.35006698353429,-154.2740233661334
578,-419.8917900203474,-6.710111234361924,-154.05673582756904
579,-556.9456964858832,158.48723193173126,-154.36056657815772
580,-629.5924004124366,42.33966631620077,-152.81362959796232
581,-504.65433127184207,-1.3371471860145003,-154.84224522206338
582,-920.7190314260683,20.906232826433076,-154.504321098926
583,-558.6392611489265,54.76963336832121,-154.3793705717871
584,-143.43607047578922,95.06196241281975,-153.42929980654756
585,-592.6327422642925,226.9539746921847,-154.18784040187347
586,-539.4196318841905,-39.78041752043067,-154.5796251173577
587,-480.8079718607479,-51.33328266552103,-152.86462764239613
588,-711.3454894325115,-153.01524995408997,-154.25948436223896
589,-132.54930364472443,127.57804125929022,-153.01050087028756
590,-646.1211814572291,113.65031750896814,-153.89269652682847
591,-598.5787439933246,101.48405563547274,-153.89285391854943
592,-552.6735929100881,40.14424866929342,-153.92485081511103
593,-463.6387450013132,-108.25969389307042,-154.09377889858678
594,-136.66131097608766,196.0382781343533,-153.92757915667335
595,-207.1678045160302,64.19417589316946,-154.0769001174047
596,-1124.021538529828,282.54780074282854,-153.97021790462358
597,-683.283871659699,-29.277158985533333,-154.26145646226374
598,-286.1683128188041,-150.34807334025484,-153.7746568983191
599,133.5647628057581,-6.52578555597127,-154.28842753168118
600,-340.01954943774484,97.03528006171153,-153.90557411326688
601,-568.5263565938466,16.39811641222068,-154.11462621602055
602,-676.6009953785522,112.07710473947519,-153.16349107375888
603,-434.4552147508564,152.49354408853074,-154.19618049344578
604,-628.657254352149,198.56993213245246,-154.20488621291693
605,-300.7417383015733,5.895842831102095,-155.10508908385432
606,-630.4964553770905,125.16618907619042,-154.7758784351566
607,-385.4096819784603,155.8604444583759,-154.0245371969308
608,-846.1563714711267,-45.16891694247366,-153.25933902410327
609,-388.73943462437546,48.00611634975997,-152.97250541616518
610,-247.06418455610262,-0.48861360138733456,-154.2208761825178
611,-578.1796098843572,69.18836972405107,-153.711747961882
612,-653.4069680812155,119.76346523720431,-154.372893903471
613,-918.6458267083245,-225.18092558840107,-152.7738563294652
614,-738.2661403413803,-35.267316914151145,-154.27575638175352
615,-594.7369086432029,153.6066941760653,-153.7393050194666
616,-787.010365805076,197.3519365693669,-154.70968371389986
617,-428.83352922046197,173.78975831848223,-154.60657147128396
618,-648.5000297360364,-9.88711398365669,-155.04264355143167
619,-718.8775603824574,-118.08020039744217,-154.2462078978372
620,-571.8232851974168,-133.58165036305334,-153.82837588591272
621,-423.31931579870184,229.98185534706087,-154.29808649893857
622,-469.18266848511206,82.65292180120886,-153.74716624864368
623,-585.9171539425813,258.9739152582093,-153.4174051206396
624,-729.1029131412547,-140.93920272412967,-153.57421158277756
625,-824.5150606635455,15.456554887508664,-154.0980294585339
626,-456.62983639373863,100.3849010998911,-153.70009404225758
627,-621.3452286023095,23.74550353870849,-154.02753579287545
628,-284.4471562999945,248.5309662423431,-154.5786022424419
629,-0.1931952607583758,23.468533742036215,-153.84629938171682
630,-448.5835575029198,176.86480833551747,-153.74197849007575
631,153.80584427488708,260.39577707455237,-153.8432943913108
632,-667.0208402841845,60.28631149490764,-154.52080368615657
633,-681.2096364343987,-12.604758069113636,-154.28056913658048
634,-827.7709563864423,-16.273848805916657,-153.86070428829063
635,-610.0241369349449,13.558068158702895,-154.2774053787713
636,-223.1120579752919,6.925680954743278,-154.37778937854233
637,-688.0498035396182,-21.280312000944093,-154.88862368043266
638,-689.8662673999376,-21.790904461598235,-154.10728954840403
639,-246.2225791508725,-213.0142098937759,-154.57693292068936
640,-155.71286074549437,58.03255492622104,-154.26141062596236
641,-514.1721500383247,-160.6926379600057,-154.30301928958485
642,-170.7010813037202,85.91400320957688,-153.5722002912546
643,-697.0217244468269,39.0315553656767,-154.33189260924516
644,-705.2562773899378,86.3930555827478,-154.4392413643985
645,-836.5333915882272,91.62471453048768,-154.35623956122512
646,-665.9345430439463,120.882802450288,-153.30925616809333
647,-786.8552389816172,-22.216958845318366,-153.2876908549214
648,-157.7866901980529,53.812229349405456,-155.06332554120195
649,-776.7930555299018,-114.20938644830142,-154.08592651916032
650,-280.5164731427428,4.763142214489514,-153.94964322901095
651,-644.7999888022523,163.16650270482404,-153.03319672193345
652,-505.94640668133945,14.88911811549168,-154.1904177258158
653,-431.1922677499687,71.76803447722816,-154.6826951618477
654,-383.94801146290854,199.7178196796179,-153.9339662129257
655,-807.1963818678555,94.87070461673348,-154.6282230162327
656,-271.8880976202986,-14.904845288200123,-153.994165421755
657,-645.2411189761469,174.5896018658123,-154.01493566934377
658,-547.0646215573795,38.80000754443545,-153.30806338928602
659,-482.3882402630218,33.82075866813351,-154.43060909453231
660,-802.9228611514994,5.872056614563276,-154.2654913545602
661,-220.78463655406966,44.18206992946519,-154.1337425622497
662,-745.1687572478913,186.41964612969394,-154.448754639437
663,-288.5247066814737,119.28207167871845,-154.62434332365544
664,-537.722539268174,119.93842517968373,-154.50301204119933
665,-985.6925289399462,121.53185351464808,-155.17773613522675
666,-918.4288922014645,40.97789795671163,-154.51938134139027
667,-672.2078319431714,210.16219444917155,-153.9364133148237
668,-321.77619509916843,80.76602313263011,-153.91452518731265
669,-144.8222363842313,150.7648682064847,-155.0738061485752
670,-288.2882340198435,117.53860697275869,-153.56701546680827
671,-738.2190399551897,-32.644185342506326,-154.77807913315368
672,-261.8192611667851,105.70602339927679,-154.9331997759038
673,-711.1094734608462,147.34536503716728,-154.45235378571005
674,-493.4136245046147,-85.89263823936714,-153.97080167060219
675,-607.3658817472585,-11.036712000651013,-154.7811169255423
676,-1072.306482717981,62.58379246671866,-154.87166251433786
677,-411.0560293442495,210.5353078826619,-153.996899216185
678,-648.3220267625597,19.37780858892955,-153.5867501912056
679,-128.75249864981222,251.56841044979015,-154.0398372113919
680,-285.7507543768997,225.38223124704257,-154.29000076530528
681,-824.1050687291614,81.78717830961459,-153.87279881434281
682,-588.2109738043702,204.74958290354513,-154.6018067238905
683,-753.5671165148034,82.37177742832105,-154.41675586836067
684,-399.9964298846382,130.12361613680258,-154.61546759657176
685,-448.6798264627316,199.80266159840528,-153.57559517424954
686,-674.0546835179301,-91.7529265821943,-154.36632175489845
687,-574.6035403879966,50.38111429623571,-154.18246818875636
688,-576.7015776789235,20.350553721946962,-153.6160617974922
689,-170.77632943239084,-47.24478672421239,-153.69405942417887
690,-922.8906730059788,7.122063436289622,-154.6970658599321
691,-374.9445704034813,198.8791224672309,-154.7019863274091
692,-267.09494481542663,-66.87699570369453,-154.56831268292694
693,-901.6940525625436,58.908505129711536,-154.06442443169104
694,-391.8921694118225,164.7581815915286,-155.0471207720938
695,-980.5420464636265,79.83379081138169,-154.29574466362027
696,-591.8380664572986,122.82906660440626,-154.70918540037576
697,-236.94543545271236,268.3290820342681,-152.93643388974775
698,-622.1117347694856,-113.68262768941342,-154.2555496828839
699,-657.9110384937652,311.1417518210485,-155.55156242410828
700,-667.3933732857904,192.21067632838168,-154.1749934004958
701,-138.53356864899368,114.86036385977384,-154.3883076550463
702,-469.7892978920914,107.23059654889558,-154.52729583620805
703,-791.9928540268738,383.76291615988777,-153.67918791990087
704,-678.0330240688245,-10.115931625449608,-155.2512402630789
705,-514.934228554767,31.642099766375935,-154.55471015878607
706,-459.4715266594108,160.84971462743613,-154.1367092892907
707,-426.5521158591473,71.01840841723602,-154.33296544161078
708,-493.3839820166348,27.278432593066018,-153.49415900939388
709,-23.580481506796623,-41.77043527306913,-153.84186412200285
710,-650.7006143303022,212.21889095367888,-154.31895890109644
711,-765.6829390620715,65.15880741498107,-154.03273513376675
712,-414.7709356486878,-24.721284711450124,-154.30920846657142
713,-856.5407162701358,34.36119920712315,-154.383215255358
714,-877.5472263170827,125.41134133496368,-154.11835926276748
715,-696.9089029910432,82.8636579966026,-154.87105471594512
716,-490.22839711314555,202.57217344415153,-153.60197884870107
717,-551.2571785397104,33.11721139383945,-153.37792544301888
718,-384.3970648097986,281.43035988726734,-153.64841829606468
719,-378.36436174529166,-209.54858200550996,-154.74374598688746
720,-578.6262119907074,43.42174672750331,-154.25349216635527
721,-360.59061323058677,200.8913069264008,-154.22980033058516
722,-777.2096085262879,22.155475662897715,-154.05088444564953
723,-785.6302244634734,17.60449980225066,-154.85609520398057
724,-579.8957721873236,73.8216822776924,-154.33706592619347
725,-614.4010815019184,91.32205534070854,-155.54792296457788
726,-480.92829555104385,181.65640399056156,-153.68340544636246
727,-389.85867032799587,150.16418316372182,-153.45813179837495
728,-498.3247546384029,-26.701900381722375,-154.32943422700174
729,-645.2159638173039,5.60888480638535,-153.46156960241115
730,-64.80786386765912,24.403760150323713,-153.76220287510898
731,-708.8732326918445,34.14284362405246,-153.8973307270441
732,-989.5717108582078,-144.01452158712775,-153.6016210343954
733,-485.53856669013015,18.92343054507031,-154.4692915275156
734,-213.82591087002203,147.70868972724165,-154.09782805835505
735,-571.3013749864058,225.67827534788952,-153.8792566455973
736,-747.9629179336966,147.4399833652144,-154.24262709072275
737,-662.264859870957,-255.54902915623455,-153.53195503150025
738,-842.9246939755275,-53.51880219965468,-153.96284577432138
739,-808.3086864072916,118.12959487491717,-154.78248897640432
740,-607.5117589999667,-170.76428622035132,-153.38044850618772
741,-562.8647775767919,240.86651470363506,-154.3328744275958
742,-517.3879596767569,59.141061043437624,-154.30785551942796
743,38.28886724327738,19.28277713450205,-154.56520713987527
744,-825.8827488761375,155.36316721156197,-155.5395611103814
745,-559.6536373863502,82.86922427316765,-153.97479072833468
746,-550.1804626822069,94.15901179987755,-153.33196165011972
747,-301.9401976594838,197.08162147262,-153.15592072014897
748,-689.5007697287647,-51.246936027236885,-154.795184376572
749,-323.4220837446838,23.86546848559408,-155.1406551824887
750,-450.39673270893064,298.4694984035798,-154.8139685090534
751,-451.7234166973045,252.73848821690783,-153.45181047224847
752,-575.5280530111194,16.17451204654468,-153.8685412532633
753,-513.6288657401185,-21.975866962890436,-154.56594451885275
754,-679.4247032663762,87.20051201075037,-154.60716096582988
755,-563.9659847528359,-62.216976552113664,-155.15254568965548
756,-103.15707006439489,255.70259467061408,-153.25351365818946
757,-399.9961794378121,229.39455849022363,-154.09554023768854
758,-469.20881912355316,29.516021795770804,-155.13605601937056
759,-407.95352053336705,81.86124228453949,-154.29500642631623
760,-761.6411807344829,-142.5108883369879,-154.39175822602127
761,-603.9895774460623,243.76005933159402,-153.59101517370996
762,-635.2539354710835,69.74853648069924,-154.36701942916613
763,-289.36415068808384,103.23730742561739,-154.42548331255873
764,-336.1395008533353,115.79554727347737,-154.48044076406865
765,-282.2105191752625,-26.011906433279325,-154.5370210198748
766,-711.3358262585317,249.02189613987346,-154.02382707009878
767,-541.9112335594076,85.61441379097427,-154.04025511175246
768,-528.3112068149267,188.29550302694005,-154.47644602322762
769,-261.27001908610987,212.3567728654771,-153.92977817010274
770,-625.0249351886982,61.33274569877262,-154.00513602477437
771,-139.31766356544279,-49.62584288857301,-154.36210421003724
772,-562.1909336882592,32.55177821741077,-153.29794964801343
773,-747.2882025119295,-0.6376184724827347,-153.91700946754725
774,-330.3475740641518,31.348837618581182,-153.61868662141902
775,-130.81561916340263,70.27584778639823,-154.54464679543784
776,-381.4627721703827,170.10444235225805,-153.57291528576056
777,-810.5234000709818,134.5772937849684,-154.60995239573478
778,-487.81597234743924,164.740471571121,-153.77894990161562
779,-473.66575122881295,42.92953304443487,-153.05784348089645
780,-297.27942394512377,316.36677104633947,-153.70372417465595
781,-935.7710738912612,-145.38487842606912,-154.06697422268104
782,-930.6527871208085,29.736350968294452,-154.7768507379701
783,-0.5832843823643414,-17.26827942074878,-154.0999230552108
784,-632.3883589973183,263.22980690939295,-153.90268675420623
785,-414.93792852636693,94.92454468162195,-154.6440229639507
786,-243.5487728929223,-38.53795959826752,-153.8032803616626
787,-519.1254254586412,127.19175236553644,-153.40603935787593
788,-402.08429632603537,10.957306571998748,-154.62679054583347
789,-757.134556464762,-57.7031477045608,-153.75111471085162
790,-490.2192167966752,219.78388671787224,-154.65140731947244
791,-763.4004442592163,146.27635046259198,-153.96075532736043
792,-563.4433694488881,128.13666255658146,-154.0981136185171
793,-278.19380729096116,144.36221308306668,-154.48571548238655
794,-754.7872431250477,37.04524570265313,-152.70205424658047
795,-528.4527644252087,-270.47857249905684,-154.38253939327655
796,-590.165243925172,-152.9848729198181,-152.59086390773527
797,-581.0901081135311,-81.29581304729923,-154.81738137327412
798,-321.6302908970125,-102.9896732228918,-154.4043121437999
799,-507.62121525958935,85.42442338844089,-153.58364290383483
800,-798.8656087767489,72.94253897280988,-153.85353578302733
801,-397.04252215964175,127.9872372688732,-155.09557818659783
802,-681.5738029930648,272.16377540425674,-153.59870327826383
803,-456.3085273917753,110.7833699080223,-154.49239180913355
804,-1023.6231737140436,-51.37234551189631,-153.78419635580147
805,-667.3347656299374,2.987770049468379,-154.08818095272892
806,-868.6705716753206,8.587159222805141,-154.24650000808663
807,-379.2948980637187,96.89392783657854,-154.15094375381594
808,-277.511486296543,99.48911350808001,-153.66901495280334
809,-145.92780880283942,179.1795811054852,-154.2632839487678
810,-622.749595730817,98.87897901664715,-153.85340987981672
811,-643.7827695032768,206.35154278449622,-154.31561105164502
812,-118.86170161694021,204.35922342772162,-153.67954774219447
813,-469.34490202776016,92.8891439940266,-154.15087782912997
814,-662.3343893612862,52.983467861398054,-153.433514217517
815,-174.74051099333818,87.88496248196554,-154.18815871785714
816,-590.1625968723864,150.75337227902037,-154.35118925480555
817,-563.7165968425456,52.053598125997496,-154.0570902298873
818,-372.47717350058446,-118.45395012312247,-153.9573844299329
819,-648.5627747194849,-107.42822171606572,-154.12767415643907
820,-424.8039918714715,-82.54155515850144,-154.21840482624097
821,-547.0013019461476,13.699596262556803,-154.3497686065439
822,-212.48728550984214,296.3075097014087,-153.90121372279995
823,-301.3989771663983,201.6681570303753,-154.8326410954096
824,-800.093015799542,-172.38322542624906,-154.09172302757838
825,-592.9101224697656,130.24985024841578,-154.18765473510348
826,-1072.2329339589573,111.55054550000919,-155.10130413060006
827,-839.1965476500758,138.44983903201566,-155.20729776109312
828,-459.21508682135953,1.5434725305358812,-154.75156129481863
829,-708.1124741336546,-33.81372060546574,-154.54360593168255
830,-219.11267458226948,68.6286241861676,-154.53244006315643
831,-912.3355530739757,94.21418098075334,-153.72580274160563
832,-289.4359164687437,-18.373007162312017,-153.13020586463676
833,-264.04482038255026,31.15693087115608,-153.61692277807165
834,-143.63270967162453,193.5258776353811,-153.97660512555507
835,-898.5127379424348,217.18438881762336,-153.22505992383128
836,-500.63116711751223,-41.18086522749207,-154.32118556533138
837,-666.163593738253,252.10995604574254,-154.92329925265994
838,-655.2208495185373,57.53126695883768,-153.1793233519601
839,-939.1696105488097,103.13404561798451,-153.7457093162922
840,-896.293739070992,-120.89360842151507,-154.2153231396978
841,-831.6641534698575,-111.76644551185079,-153.75447296785487
842,-534.5040556704281,18.907156894488715,-154.94615297215546
843,-432.51614714419094,42.69908995089445,-154.21218413602512
844,-1006.8402579327123,17.158290289630408,-155.51348898445588
845,-747.9862223558424,97.52961012346766,-154.93217232183093
846,-359.4190085836654,-56.801283328033584,-155.05852722439997
847,-532.3365332126494,35.27958891103945,-153.38424840776972
848,-518.2644896962271,147.11584798280063,-154.55286604446275
849,-863.5621169229735,146.3731883147749,-154.09065378296026
850,-500.76113219244723,269.8657519251044,-154.26331072244523
851,-308.4623474171515,13.658309193990888,-154.80016001672334
852,-36.58516898030294,165.20344742448748,-154.44159530741013
853,-256.62820900499304,323.88938124633916,-153.9293052595861
854,-411.5205169816354,123.38191842309372,-153.8315240389895
855,-632.1117202741852,336.1348285373323,-154.93305986079636
856,-684.1572614484653,11.010206158843918,-154.30439662387613
857,-167.2348928117729,-117.04645628222403,-153.99879892259392
858,-540.8235986569055,165.6278424783433,-154.08709787824654
859,-636.2873272936566,80.65047950003108,-153.70266331522336
860,-849.731439943889,2.924471119875379,-154.23255214802
861,-590.1928381216009,-113.63626907896578,-153.76118475840596
862,-627.1637954740606,174.83488189297552,-153.38471101089527
863,-240.49127301242328,104.7921488122162,-154.70214418642192
864,-180.0829262197913,-54.66957703528301,-154.511238658369
865,-561.8790299445868,72.61396364460127,-154.09551775483672
866,-554.9586138836772,193.05335964028097,-153.84429192899722
867,-500.1124446469551,11.459195345110397,-153.6896137771091
868,-335.2026548811209,-49.59485060204097,-154.1183887458523
869,-364.9976556467461,50.672428593785426,-153.96907355748755
870,-574.4819292826998,142.88104669787094,-154.89891520674647
871,-740.0040624307736,-146.18670216886667,-154.19941320239326
872,-399.2616058159164,-8.686052471405262,-153.93895205299907
873,-512.1745857181706,180.39444941898992,-154.5169645854209
874,-579.2608719526977,-137.24262116388397,-154.42592764004758
875,-642.6528360192307,44.92609341864311,-153.90627813170178
876,-603.2429738933354,103.0211902323316,-154.35730308123877
877,-406.594656714534,193.0082882603567,-154.40968001691294
878,-344.71258793502784,3.1022287160042494,-153.92845437775358
879,-546.7709366413061,67.57959121744996,-154.25101046307344
880,-538.6052212831905,295.5997386600831,-155.99146681017174
881,-735.5483328039439,64.71488227376848,-153.8207088475599
882,-247.73926977881635,57.75852828816735,-154.58888578526026
883,-291.3642861244272,85.9028993335607,-153.38203617271722
884,-881.3868305811293,315.7019521493652,-154.611352472962
885,-1167.3911875569909,176.2876552449693,-153.80869426731778
886,-937.8247559274351,97.36635231492825,-154.0041837956403
887,-694.6468251051339,83.40202850512826,-154.93198145023567
888,-1120.9034581721428,87.12515672267959,-152.95027173333185
889,-332.2372700540665,-53.699880504773745,-154.2518548216988
890,-685.7993404001787,39.41695447874655,-154.27883097247502
891,-619.5054258245561,-135.69704522063034,-154.4871099582854
892,-656.8045839931207,213.14122280203028,-154.13666896226093
893,-1003.9310195517978,138.4748376766721,-154.50675510173213
894,-440.6511658299808,290.2641001412996,-153.5559960698947
895,-530.885314796173,21.293883221507027,-154.75883060759
896,-415.12596953901834,220.95161659281717,-154.35610346210908
897,-535.5835032263116,130.27178046034058,-154.63099476744122
898,-540.6025425168461,84.89824399522679,-154.20304458971557
899,-485.3440428949243,-187.5528317784659,-154.8330435634326
900,-1140.7483703767184,-170.96731494836956,-154.51659547943981
901,-308.6072814142227,109.8746511885905,-154.02644324538775
902,-792.1231462868545,38.174758541414214,-153.6935544106097
903,-796.9568768208748,14.882710971278813,-153.74975661252117
904,-446.6860410288019,99.0870541180414,-154.4744081864829
905,-332.8150210126036,82.8599905687253,-154.0421137225745
906,-778.6739130077561,-22.056467584048345,-153.90321510161502
907,-957.9729545869151,214.90324644038012,-154.18876760465773
908,-794.6675672386795,-66.11089077318313,-153.78277957534823
909,-360.7150474646425,81.17205798764067,-153.88846230161937
910,-868.9575040559297,169.72245512356326,-154.22112010265897
911,-673.4330619655545,57.7901656734706,-154.6167571483871
912,31.161835118759203,-2.655925327908874,-154.368429405785
913,-1040.5630793452663,-28.806091009892015,-153.58749193008134
914,-756.8585427760318,248.55562773589014,-154.64763905424485
915,-951.4116119674687,189.99410743608914,-154.30938287813558
916,-589.2714853002125,56.956394648369724,-154.2121911294825
917,-790.3002694444679,-5.909716005409311,-153.7615434976656
918,-61.08545258276004,1.686830412393928,-153.61138414172646
919,-849.0388585115103,28.224493689946883,-154.12663261022675
920,-201.2636092616717,112.94261629740724,-154.00827952616643
921,-1073.6675525922296,297.39610869022874,-154.03043749646872
922,-545.1068962119309,-73.49356500861988,-153.82554227367837
923,-796.8299929018285,227.10508077510246,-153.90435876918085
924,-425.98063644311344,-32.02550422654024,-155.42539046225497
925,-484.8319853295163,121.72663685379085,-153.70479684719862
926,-330.9590998370602,60.44279196128233,-153.61707061328636
927,-312.4989847259826,143.97315781837287,-155.18265352828428
928,-661.9716989574174,117.98516523289118,-154.30616071328248
929,-444.98948043453186,91.69272111700558,-154.1849599766549
930,-754.462011815515,42.802994509920346,-154.48227100161606
931,-870.1745977983716,-121.03651706091452,-155.05480840863504
932,-794.9109956349834,55.81218984506381,-154.5525555314798
933,-374.43489672619796,69.44794968413336,-154.36811161007802
934,-393.69002683806326,-97.22763021924584,-153.80703929094952
935,-378.04410909640717,90.4311751955923,-154.52205038522092
936,-656.614774752331,135.73788463194728,-154.34551448738242
937,-218.24514601707938,-45.642986033690086,-153.9732985847382
938,-494.5420736195402,77.51551571661203,-153.8768034044766
939,-683.9825732821173,110.85948868180533,-155.05527977171715
940,-481.86464835985515,-114.49586044141354,-153.96949273940797
941,-813.909964149026,142.02159690761172,-153.9338461835064
942,-608.2791033166516,31.000316301598072,-154.4216248563764
943,-821.8445719118723,216.44322309115597,-153.65664207309243
944,-308.3657356938725,172.8167957916212,-154.20797207049014
945,-918.466785827645,94.42277700950704,-153.94720137447348
946,-664.3464659079348,-118.2944548983595,-154.05770272473427
947,-778.4675111308522,269.5753656700706,-154.73380687935514
948,-988.1344090358598,119.82512386215213,-154.65211320096614
949,-906.4845592835684,83.22458675091168,-153.9592538917222
950,-480.048664004575,44.44082393392316,-153.57869474798034
951,-198.17853987068588,190.99195878243356,-154.10437619389108
952,-421.38592910202743,271.3610168212957,-153.42831740292704
953,-767.1270669723098,3.334306518455654,-154.2730031580466
954,-33.70559030547732,74.6567668033867,-155.0577010216025
955,-621.1432025441235,185.791588124413,-153.79328410721192
956,-205.92680192800165,123.63214683187613,-153.79009609196282
957,-873.7259988945984,14.21809502501454,-154.41832983277453
958,-516.0252998349488,12.050909177938303,-154.42568220996844
959,-556.9788804987954,-121.55053953001392,-154.05277661011746
960,-485.63908761097235,205.12407925025116,-154.84087262208854
961,-365.22715887177844,240.94988992445394,-154.76675939921122
962,-350.4954692036531,-150.08539624437537,-154.48394908018562
963,-462.2096348240398,193.5485517680641,-153.6793030275591
964,-884.58972443004,148.55523914516752,-153.7978154551465
965,-528.575559956468,151.76142851846774,-154.88596114064276
966,-563.4935793898497,-125.24354274139584,-153.94158599147497
967,-428.4135926083015,-53.944012312627095,-153.85991898796132
968,-719.1796688858299,166.07292410517786,-154.44711837384693
969,50.35025652856412,-63.80214031968352,-154.44017031969048
970,-761.6722481936757,83.68646587412911,-154.80141540463615
971,-292.2385778261166,-15.344514239414403,-153.79271729516577
972,-524.4166002765543,110.07269821499875,-154.03736561592575
973,-538.7529319762446,37.755833874431886,-153.54375380675333
974,-465.867189988197,-60.849270965777166,-154.09731627153064
975,-1026.7845760414093,-9.89972378827283,-154.13788191538887
976,-640.6566622941338,120.39264669731696,-154.16321414275558
977,-855.8578888838596,-95.65027090751677,-154.24543537682513
978,-411.6708772118059,-2.400894109544457,-153.9798763334866
979,-301.42313860892153,9.904287781738736,-154.75251584499432
980,-318.70023566907577,-15.584007542562967,-153.7535377570162
981,-333.5215873864594,132.98536061341974,-152.95335797643045
982,-1030.1718236379804,42.796182295389166,-154.34356314741052
983,-642.8951266823601,104.37374847798101,-153.8239318757729
984,-387.2196010844908,206.35176345803373,-153.82690078987176
985,-871.1904041528243,412.0434609561865,-153.98709043080729
986,-255.66535616118836,-59.08266640383757,-154.18749001537668
987,-837.3536750424703,59.165219469740755,-154.24216303157039
988,-899.5435069227518,256.29269156461726,-153.29955210463038
989,-559.1396090542806,160.25454640505345,-155.02652164070858
990,-408.8674252559643,-140.45454992103055,-154.27267896662877
991,-594.3752598268501,-1.4191161835630142,-154.82242750275188
992,-664.3193290338374,-22.75926887516402,-153.6570587189299
993,-486.66592039831954,141.09258855838993,-153.6385391059308
994,-424.2964677971161,-39.182363615320966,-153.32678736685992
995,-1017.9135370473183,-68.80722619399126,-154.39569527824577
996,-792.4680234407905,129.52015634993145,-153.68640711450416
997,-494.371618326553,198.68032608245673,-154.88678968439973
998,-1029.070779772947,95.53545579574306,-154.51082488073905
999,-915.3496759861915,120.55804795893657,-153.87036907972023
