,egr,pyr,mats
0,1.3835933336091308,1.0184703196585418,2.546645300238956
1,1.2031395940852847,0.6919127065682202,2.5369174574441695
2,1.3126485864372641,0.8900853531908282,2.542820833373242
3,-1.076711218368282,-3.4338130416562977,2.4140159849802654
4,4.906051849134013,7.392877677881076,2.7365328735338026
5,-0.9223173789524859,-3.1544146550752785,2.4223389989686774
6,2.3307310771791965,2.7324555306280667,2.5977033004708407
7,2.5176096655578806,3.070639853766309,2.607777491974187
8,-0.15707242708629665,-1.7695912340131645,2.4635915804385706
9,-0.9026255039246687,-3.1187793076265296,2.423400542304437
10,2.0057795508891187,2.1444078953983716,2.5801859169463155
11,1.625409995045605,1.4560731755070218,2.559681075910991
12,-0.2869382804545011,-2.0046026181483017,2.456590813320573
13,2.9939535486882463,3.932654250894856,2.633456086519108
14,0.14348085946650246,-1.22569580617599,2.479793711415491
15,2.122890808783273,2.3563379609366875,2.5864991133882373
16,-0.7982022467427203,-2.9298100476575524,2.4290297580395457
17,-1.0286830930191027,-3.346899076799607,2.4166050698856703
18,-1.6439460765136484,-4.460308041573523,2.3834376686631895
19,2.4541796082069824,2.9558538250514204,2.604358124617204
20,0.2649954287525995,-1.005797300295907,2.486344280167404
21,-1.590407351649759,-4.3634218354711685,2.3863238172145307
22,0.8896159283217644,0.12454546768899499,2.5200161233901506
23,2.4193643719879034,2.8928505286449364,2.602481315936508
24,1.4256025549122242,1.0944921913732657,2.548909919979428
25,0.9762407149573855,0.2813057744181868,2.524685864836048
26,-0.9685802561752261,-3.238134143518205,2.4198450744978226
27,-2.0323342083121334,-5.163153555373318,2.3625005647856936
28,1.8775005802417424,1.9122682092116021,2.573270694997319
29,-0.9138896797244169,-3.139163492361634,2.4227933166981304
30,-2.022038602715416,-5.144522141040454,2.363055577017562
31,0.9848241920977374,0.2968388402020494,2.5251485801916598
32,1.5405946703166524,1.3025873565372725,2.5551088783620326
33,0.5708120495188396,-0.4523770941849363,2.502830145291022
34,1.9246706633960378,1.9976294203717906,2.5758135248369913
35,1.0967035772293374,0.4993010615946203,2.531179738500749
36,0.31883782895543344,-0.9083615489521653,2.489246799152311
37,-0.6255025555653546,-2.617284526816971,2.438339598062326
38,2.351007416043283,2.7691485514495717,2.598796350897193
39,-2.172789073418326,-5.417327315457391,2.3549289685908965
40,-0.6314810016430359,-2.6281034053077628,2.4380173138926935
41,0.6134916416513667,-0.3751420877437124,2.5051309031689564
42,0.11142576494707113,-1.2837042197520634,2.478065695575637
43,-1.8752112266002392,-4.8788163839472345,2.370970700508961
44,-0.3475734482791506,-2.114330882724035,2.4533221119792286
45,0.4111406169737243,-0.7413260626476341,2.4942226284907862
46,1.5471722265887098,1.3144904131424755,2.5554634591734775
47,2.3445172814953477,2.757403697326841,2.5984464827882485
48,0.005979361367713487,-1.4745250137832357,2.4723813243899744
49,1.478076436057971,1.189451405971729,2.5517386652742884
50,0.9215490886082889,0.18233322331609791,2.521737566038147
51,-3.2329123712424135,-7.335776523727466,2.2977801790366943
52,-2.2859922301318707,-5.622185096449964,2.348826448824404
53,-1.8528600623291847,-4.838368661038249,2.37217559996344
54,0.1649381404215251,-1.1868656967497553,2.480950423692458
55,-0.20610987807220615,-1.8583317222305307,2.4609480851277707
56,-1.6665750944087843,-4.5012585815286155,2.3822177907639346
57,2.271131110394439,2.6246006147651437,2.59449040441789
58,1.2766270964903441,0.8248991630455671,2.540878998350249
59,1.8039293253933684,1.7791301903556882,2.569304639191169
60,-0.5550574793872061,-2.489803788587829,2.4421371288230302
61,1.050320399013543,0.41536387079070225,2.5286793288822187
62,-2.3621765866210147,-5.760051907498396,2.3447195267661267
63,2.1151130244056313,2.342262914843457,2.586079831061823
64,-1.5035079046648239,-4.206164490396713,2.391008364963174
65,0.8536594040377614,0.05947684247683238,2.5180777905154472
66,2.5466763449748604,3.1232402901768666,2.609344409283193
67,0.10227146280861188,-1.300270277422766,2.4775722083675955
68,0.9030416954459126,0.14884137021523225,2.5207398753740526
69,-1.9744818266798831,-5.058461152171992,2.3656192525740867
70,1.216873227013203,0.7167657375989482,2.5376578057599124
71,2.242407015538717,2.5726201355630174,2.592941955048449
72,-0.13468478554660468,-1.7290775001153968,2.4647984462980244
73,4.024933766505292,5.798364764636872,2.6890338401855916
74,0.3537835889972911,-0.845122050468992,2.49113064406973
75,-2.8853218795922393,-6.7067603471401345,2.31651797670526
76,1.9139905575161933,1.978302196159774,2.5752377850861556
77,1.917200539628062,1.9841111314541053,2.5754108277808694
78,-1.2195908657348347,-3.692374802284408,2.406313674394608
79,0.980795920628847,0.28954908982485494,2.5249314254145467
80,1.9561410742307912,2.0545797627270472,2.57751002173473
81,-0.49402023963520936,-2.379347915655365,2.4454275049299588
82,-0.8505318581076411,-3.0245081848441764,2.4262087899941287
83,1.8699951801368337,1.8986860825678766,2.5728660962756447
84,-2.2263960623237895,-5.514337055394724,2.352039140083315
85,-1.5474989428008072,-4.285772751488789,2.3886369100712095
86,-1.4870874858311263,-4.176449324646065,2.3918935516789546
87,1.6937206631146844,1.5796913879758128,2.5633635456782344
88,-3.0042733564563715,-6.922020559872861,2.31010557832441
89,-3.6482889288578093,-8.087461568030191,2.2753881916842467
90,0.09441197761560605,-1.3144931731716687,2.477148521739613
91,-1.9569384219255928,-5.026713778040753,2.3665649768576786
92,-2.3616757707244607,-5.7591456073895095,2.3447465245901946
93,1.8275084428009891,1.8218000752787016,2.570575734752759
94,1.2607271818882086,0.7961259263450309,2.5400218708110343
95,0.03982376696704226,-1.4132785783359187,2.4742057978424024
96,0.24209530387037748,-1.0472384482640078,2.4851097875188977
97,-0.5894461366410839,-2.552035127543964,2.4402833160255115
98,0.1501334889090029,-1.2136568936145173,2.480152339247524
99,-1.3112114573013378,-3.858175753657468,2.4013746206854543
100,2.584079587505739,3.19092696508287,2.6113607313849987
101,0.9665790297282569,0.26382153233385996,2.5241650257817367
102,-0.4540091683466674,-2.3069419906152335,2.4475844090349783
103,0.172616786571693,-1.1729700558770402,2.481364361706842
104,-0.7493441809761285,-2.841394183408605,2.43166358310898
105,-0.17055751624526727,-1.7939944884964691,2.462864630541288
106,0.5696044241072243,-0.4545624701874942,2.5027650450044447
107,0.9663814288090753,0.2634639443743172,2.524154373574234
108,0.8347238073239049,0.025210091997542428,2.5170570163904866
109,-2.243325521580999,-5.544973404746818,2.3511265121783103
110,-0.238613716555641,-1.917152204086046,2.4591958785410273
111,-0.6198812749380123,-2.6071119918004024,2.438642628270477
112,0.8667533230622453,0.08317221700285327,2.518783653337539
113,-2.3361950775086093,-5.713034541038596,2.346120129695629
114,0.9315634598176243,0.20045570261383228,2.5222774175761185
115,0.8570154891249395,0.06555017261835161,2.5182587092828848
116,0.873006215827657,0.0944877471867589,2.5191207322919333
117,-1.6826209737498612,-4.530295962917217,2.3813527946039934
118,-0.1972623597905816,-1.8423208351220368,2.4614250343292317
119,0.4787434343488963,-0.6189888102389371,2.4978669396679756
120,2.5344491545915164,3.1011133887509272,2.608685269793012
121,-2.970754134096854,-6.86136259138047,2.3119125219021766
122,1.9849941218338016,2.106793600913406,2.5790654226478567
123,0.1875637654825002,-1.145921296627698,2.482170118691899
124,1.7717730229411566,1.7209386261225796,2.5675711674662733
125,2.3100573140439407,2.695043312068017,2.5965888258232814
126,-0.0899095707488633,-1.6480501558855938,2.4672121743360416
127,0.684639862059952,-0.2463889064931617,2.508966338805206
128,0.0884938179158421,-1.3252029545845692,2.4768294874688577
129,2.5984637621219093,3.2169572470893577,2.6121361488951482
130,-0.7536138780284007,-2.849120828928358,2.431433413638328
131,3.5285495051526894,4.900084352212929,2.6622749153055536
132,-1.992551120843994,-5.091160200626338,2.3646451788114273
133,-1.5692184438054726,-4.32507738670616,2.3874660621192025
134,-1.8165114724160993,-4.772590535339456,2.3741350681873765
135,-2.816461829430186,-6.58214794687878,2.320230062387618
136,2.280564692198,2.641672070113156,2.5949989469452923
137,0.4593369327092257,-0.6541077325212066,2.496820780150048
138,1.0413422726375692,0.39911662910371604,2.5281953389011402
139,1.1564474217226721,0.6074163453568702,2.5344003906674613
140,-0.9920641921473901,-3.280631783618472,2.418579109946766
141,2.4066089499073913,2.8697677141820037,2.6017937007000063
142,-0.12123429582404333,-1.7047368584069886,2.465523531019908
143,-1.2517472736973403,-3.750566557453932,2.404580196981885
144,-0.9297537179501152,-3.1678718054762705,2.421938123171202
145,-1.1890199071303824,-3.637052151182253,2.4079616839075957
146,-1.3902996947975819,-4.001297564978471,2.3971111571334744
147,2.1240235589997454,2.358387839248409,2.5865601773266214
148,0.583884125462661,-0.4287212479297602,2.503534830603286
149,-2.073600440544001,-5.237830878960127,2.360275997863754
150,1.7128286155553725,1.6142700415218052,2.5643936111008934
151,1.3976433248617477,1.0438958476608895,2.5474027026986352
152,-0.9656633408460835,-3.2328555557206515,2.420002318641629
153,2.548831454491469,3.1271402781823747,2.6094605862415556
154,1.2332641546387801,0.7464275346659774,2.538541402673016
155,2.157961254058903,2.4198030957099803,2.5883896797975803
156,0.17407696969477926,-1.1703276395070081,2.481443076794214
157,1.8201232729546417,1.8084355229914841,2.5701776173656246
158,-1.2391989269179486,-3.7278584762397404,2.4052566492689125
159,0.44769525969423585,-0.6751750540529522,2.4961932045439257
160,-2.899543949143111,-6.732497276161316,2.315751297903406
161,0.4864164302298355,-0.6051033943603694,2.4982805730894384
162,3.716546873042279,5.24029327161403,2.6724094176189324
163,0.7830727235587207,-0.0682601495856705,2.5142726261951185
164,-0.03748445327585537,-1.5531791863332747,2.470038290894367
165,1.7122324442831036,1.6131911818196993,2.5643614728895687
166,-1.8872257310715561,-4.900558398897782,2.3703230264232866
167,-0.10835116592956862,-1.6814229378499874,2.4662180306886246
168,1.5317972217788758,1.2866670780029423,2.5546346283043904
169,-1.913410781461971,-4.947944103271143,2.368911451055308
170,2.2945343172956036,2.6669521637242815,2.5957520170518484
171,1.243710326366378,0.7653314205832029,2.539104531575978
172,-0.3384663612301493,-2.0978502677100197,2.4538130539312464
173,-0.15129210390280656,-1.7591308880725864,2.4639031842622545
174,1.3594243721589598,0.9747330250872948,2.5453424075523285
175,1.287488103761121,0.8445537549618164,2.541464490075728
176,-0.8078378525434355,-2.9472470951759915,2.4285103248667577
177,0.08039652704454348,-1.3398561947247125,2.4763929812880114
178,-0.484201754977454,-2.361579921916573,2.4459567966780096
179,2.1818749018299304,2.463078362584448,2.5896788091155987
180,-0.6800029046966207,-2.7159109336282645,2.4354016105758447
181,1.0981276834543285,0.5018781915053052,2.5312565087661794
182,2.0557305798348535,2.234801637456404,2.582878661127201
183,-2.4733273719354307,-5.961195620237003,2.338727645584244
184,0.11944004419127019,-1.269201201374448,2.478497726792103
185,0.9896856982654043,0.30563645145870444,2.525410652719886
186,3.13588375375899,4.189497855885378,2.641107214871461
187,1.5923001491426856,1.3961560339926555,2.5578962008690396
188,-0.3677431442252035,-2.150830917482433,2.452234810425386
189,0.8068390587059768,-0.02525146659537225,2.5155538142310796
190,-2.6957275833645538,-6.363661550766997,2.3267385657235664
191,0.8624380445989175,0.07536308520803159,2.5185510266786677
192,-1.1061913120597335,-3.4871616120708806,2.412426781466035
193,-0.5335142655812164,-2.450818171014358,2.4432984735408096
194,-0.03837487549693175,-1.5547905364550614,2.469990290296468
195,1.1116309934263444,0.5263144192327871,2.531984440905254
196,1.2482191061630574,0.7734907215333638,2.5393475894431807
197,-2.112455343575296,-5.3081445472954805,2.3581814201094087
198,2.354368675454097,2.775231245291602,2.5989775486004216
199,1.9680015551361643,2.0760430493554214,2.57814939276701
200,-1.0436378403712951,-3.3739618941875387,2.415798894121937
201,-1.8584151803969244,-4.848421465160929,2.3718761364255267
202,1.7659477822069416,1.710396995259944,2.5672571422415604
203,-0.772823567778004,-2.8838835911154312,2.430397863793175
204,0.7557413722357897,-0.11772025428673327,2.5127992564010784
205,-0.21355573564307284,-1.871806097891378,2.460546696206091
206,1.5155516148547674,1.2572682601433667,2.553758865293437
207,1.4010427915823318,1.050047683255896,2.5475859600693673
208,1.655094416544376,1.509791507175755,2.5612812942636625
209,-0.7724479430299827,-2.8832038428239493,2.4304181128526183
210,-2.5761668573635674,-6.147298812010506,2.333183807313101
211,1.2037869150405793,0.6930841291534231,2.536952353016342
212,3.565400396858994,4.9667714669694085,2.6642614614547884
213,2.1679259654601095,2.4378357082726154,2.5889268542904023
214,-1.9991425623028043,-5.10308838452151,2.364289849481766
215,1.5974880154208393,1.405544241925043,2.5581758667143006
216,2.4408319851513753,2.9316993357237395,2.603638585198893
217,-4.251977367064285,-9.179924688778598,2.242844747367755
218,0.41303342399467047,-0.737900749631494,2.4943246653296436
219,0.4481806090101603,-0.6742967429991644,2.4962193686004808
220,1.9739988938237172,2.0868961168056686,2.578472695393452
221,-0.08830364479963393,-1.6451439964113277,2.4672987460813416
222,1.0613730827905827,0.435365329568956,2.529275153443839
223,-3.7739823235025476,-8.314922273719729,2.26861235214403
224,3.8562520747159033,5.493110405330539,2.6799406011958458
225,0.8464506895132847,0.04643161207721924,2.5176891854256813
226,-3.0566680749232216,-7.016836517947317,2.307281100506056
227,-2.631082638671213,-6.246677004516454,2.3302234248410083
228,-1.4583946147872267,-4.1245253495290815,2.3934403178450774
229,-0.39605801014908004,-2.2020708366742903,2.450708421639037
230,-0.355990140700738,-2.1295621270005984,2.452868387601202
231,2.220518428118895,2.533009513579801,2.59176199203975
232,1.400904038971301,1.04979658997522,2.5475784802377426
233,0.0014168392531732632,-1.482781569370999,2.4721353693989854
234,2.8105182364843686,3.6007010430098765,2.6235675140526165
235,-1.958718164566557,-5.029934484412848,2.3664690350574697
236,1.0380724991749313,0.3931994925560053,2.5280190729933154
237,-1.212427860639191,-3.6794122898268693,2.4066998153950268
238,0.6741025556492859,-0.2654577140387979,2.508398297042728
239,2.2502376825016492,2.5867908804811757,2.593364088152451
240,-2.2305474665669527,-5.5218496326579976,2.3518153475037935
241,-1.7818155781285987,-4.709803205731008,2.37600544342118
242,1.5261970205445723,1.2765326892519888,2.5543327344374633
243,3.4696812681550813,4.793553609145472,2.659101465109232
244,0.0031964384843155003,-1.4795611225201428,2.472231303468314
245,0.5643661466375246,-0.46404190459390016,2.5024826616087004
246,1.9638631477332291,2.068553991788292,2.5779263008170012
247,-1.298443099487402,-3.835069530080167,2.402062933257364
248,-0.5692779003951192,-2.5155377343278236,2.4413705388903217
249,-2.0324365988741655,-5.163338846172107,2.3624950451478437
250,-0.3888302111857844,-2.188991070172479,2.451098055526664
251,-0.8232949323522814,-2.9752189571116014,2.4276770695247354
252,-1.6734383559999655,-4.513678663978242,2.3818478082410057
253,-0.27110633745930013,-1.975952386079185,2.4574442766680265
254,-1.749549502658693,-4.651412991058533,2.377744832754999
255,-0.8599948487058957,-3.0416328597365663,2.4256986621067846
256,-2.3166691802500328,-5.677699554803162,2.3471727255546044
257,1.3779826544317266,1.0083169695266818,2.5463428415304046
258,-0.8143635281477684,-2.959056266073624,2.4281585408218422
259,0.03597393050116304,-1.4202454243009912,2.4739982620826884
260,-1.6781935647373771,-4.522283914382762,2.3815914659608586
261,-3.051038612919296,-7.006649177525148,2.3075845717532557
262,3.3938469409666583,4.656320227657751,2.6550134123191746
263,-0.7267746286827959,-2.800551255216199,2.432880255355504
264,-1.09604631853029,-3.4688027524510456,2.4129736745504795
265,-1.6145692277017654,-4.407146307971128,2.385021306485285
266,1.3940567748044361,1.0374054572204767,2.547209360098891
267,-3.703230566757882,-8.186886551847454,2.2724264153431806
268,-0.8710715830820104,-3.0616778416152997,2.4251015410331274
269,0.6483182379510111,-0.3121182335987043,2.507008324245263
270,-2.122067251211508,-5.325538709495778,2.357663264449754
271,-1.9291466018716248,-4.976420387367865,2.368063169453638
272,-0.8608703802268836,-3.0432172629439194,2.4256514642320273
273,3.495383898670835,4.84006630372037,2.660487034340046
274,0.3953668753941477,-0.7698709706851159,2.493372302646756
275,-0.1493277852739845,-1.7555761642720613,2.464009076126103
276,3.0266943918617057,3.991903627635411,2.635221069479286
277,1.4779107363497428,1.189151547950776,2.551729732787119
278,-1.2178588098722942,-3.6892403921596584,2.4064070455111324
279,-3.6778332482132132,-8.14092636424073,2.273795525913357
280,2.5085405701875483,3.0542279902890597,2.607288598065498
281,-2.668015170011957,-6.3135118582126815,2.32823247768831
282,0.2309279403512532,-1.067447436921939,2.484507780838232
283,-0.699835518407208,-2.751800968446916,2.4343324803439303
284,2.4944174357158317,3.0286700988615554,2.6065272526244287
285,0.4393567627797761,-0.6902647920452645,2.4957436955044248
286,-0.3948369091574251,-2.1998610746254377,2.4507742483629196
287,0.7878678137547592,-0.05958272780930174,2.514531118392282
288,-0.446922585961643,-2.294117776305652,2.4479664302642226
289,-1.661839937470794,-4.492689617807711,2.382473052098077
290,-1.0193543554448028,-3.3300173525225496,2.417107960503703
291,1.4224125858196903,1.0887194725842857,2.548737956140197
292,-1.3550904273011795,-3.937581210955404,2.3990092071269347
293,2.5454046830183854,3.120939030617159,2.60927585693491
294,-3.5429725579288407,-7.896876087226882,2.2810655531111528
295,0.9964269694101601,0.31783577423269316,2.5257740590206144
296,1.389482286226546,1.029127246555265,2.5469627600236047
297,-0.5756459285872582,-2.527061619019844,2.44102725325196
298,-1.264999046825523,-3.7745475922242404,2.403865824610986
299,0.28107406765142207,-0.9767006356637502,2.487211042319144
300,-1.1348577567695801,-3.5390377648451574,2.4108814398823144
301,2.938709710961607,3.832682391993158,2.6304780192859036
302,-0.6269318269842881,-2.6198710039066375,2.4382625493532584
303,-0.558608882586912,-2.4962305756141436,2.441945680908912
304,1.4811112233477728,1.1949433004384815,2.5519022636222566
305,-1.5669353802891872,-4.32094584709729,2.387589136781094
306,0.7661196194113794,-0.09893928784809747,2.51335872364889
307,-0.8077384155973206,-2.9470671493801204,2.428515685282024
308,-0.30885369675678653,-2.044261790944816,2.4554094040290106
309,2.2765055689335165,2.63432648886897,2.594780129019404
310,0.8324940071176042,0.02117494019101196,2.516936813030192
311,-1.14829333048269,-3.563351413838137,2.4101571592479365
312,0.26021208443337107,-1.0144534661786166,2.486086421163243
313,-1.0301035803739738,-3.3494696578319463,2.416528494705143
314,-1.199780778314775,-3.656525532105367,2.4073815902864086
315,0.00934641640960443,-1.4684318318934002,2.4725628345222503
316,0.9741238622836601,0.2774750178031127,2.524571750215415
317,-1.2792554657522839,-3.8003466814989855,2.403097294113909
318,-0.38568627859358195,-2.1833016612096205,2.4512675376448843
319,2.2842042563053684,2.648258397283363,2.595195147409586
320,-2.7218120554179785,-6.410865243829631,2.325332412300594
321,0.506020835252023,-0.569626336766599,2.4993374011199556
322,-0.09997334065382368,-1.6662620293969073,2.4666696598289137
323,-2.8224033708660308,-6.592900040986027,2.3199097676616907
324,-1.1132779578784682,-3.4999859411731054,2.4120447568172274
325,-0.158987332081149,-1.7730565365669593,2.4634883523491555
326,-0.7858005032737312,-2.907367266720562,2.429698307281937
327,2.566420260910519,3.15896981331126,2.610408758023664
328,0.9397603117290205,0.21528911311619137,2.52271929086184
329,2.1068428426018735,2.3272968031032155,2.5856340047315776
330,-3.370696872612773,-7.585117867426272,2.2903525359608254
331,-1.3971519231941274,-4.013697681237797,2.396741769384513
332,-4.059585128125486,-8.83176260307873,2.253216166991801
333,2.364862258433746,2.794220928850624,2.5995432333340798
334,0.8271518079888547,0.011507444240275166,2.5166488274587016
335,-0.42228111570149673,-2.249525407466841,2.449294794805499
336,3.2325566004329005,4.364441606808922,2.646318623942003
337,2.03758073063976,2.2019568128119333,2.581900244829567
338,-1.8673623642922328,-4.864612711872927,2.37139381448186
339,-1.9635639957982356,-5.038703729564716,2.36620780752871
340,0.27279038491284835,-0.9916911793335248,2.4867644881848125
341,-2.06804231556122,-5.227772633381916,2.360575623497495
342,-2.1129649420904264,-5.309066740845902,2.3581539488347416
343,-0.03434782419443083,-1.5475029941485885,2.470207379297233
344,-1.239541415189148,-3.728478259197157,2.4052381865201324
345,-2.115245616636058,-5.313193957260594,2.3580310029567175
346,3.3279620112533057,4.537091745928367,2.6514617084836782
347,0.8295415372255076,0.015832011176464267,2.516777652222311
348,0.8327400020451435,0.021620104234613358,2.5169500740464916
349,0.6509902320456882,-0.30728286683902106,2.5071523652530545
350,-1.9441136673599138,-5.00350549623686,2.3672563296477467
351,-1.2934943474015772,-3.826114034487823,2.4023297090107922
352,0.30939480674719455,-0.925450088102501,2.4887377477145836
353,0.980002352267483,0.28811301102376197,2.5248886459837383
354,-1.3273835276801025,-3.8874414963101493,2.4005028218591997
355,0.47065424656655863,-0.633627386646431,2.4974308703058723
356,1.3549532722066728,0.9666419113638309,2.5451013809181866
357,0.730621738343737,-0.16317793062604102,2.5114451151668162
358,-0.11122614759404659,-1.6866256405066755,2.466063047091475
359,-2.380837900998234,-5.793822303702049,2.343713538566139
360,0.8312393525080028,0.0189044579297466,2.516869177508544
361,0.7806194076868581,-0.07269978590124637,2.514140373623414
362,2.8096440849454485,3.599119137083281,2.623520390569492
363,1.516777684444395,1.2594870136018956,2.5538249598629075
364,2.232215800698083,2.5541776316745954,2.592392570280259
365,2.387672653554686,2.8354996976031956,2.6007728888591406
366,-1.1728415355861772,-3.607775005642906,2.4088338224150654
367,3.5083635270837163,4.8635548525556125,2.661186736020203
368,-2.93345228356198,-6.793859400221013,2.313923378196507
369,-1.8536771951479634,-4.839847383194862,2.3721315502273437
370,-0.9630105212754869,-3.2280548880857047,2.4201453259952683
371,1.8928055603341563,1.9399648243139684,2.5740957509962072
372,-2.3678716317477226,-5.770357930238214,2.3444125200848114
373,1.4947863721400396,1.219690495814088,2.552639459193805
374,3.2965937480368632,4.480326254729455,2.649770718127257
375,-0.9694063034293516,-3.239628997658196,2.4198005442051786
376,2.883693677734068,3.733122778876299,2.6275122324651816
377,1.9883906099491337,2.112940046283609,2.5792485194488846
378,-0.9475945582697065,-3.200157433059646,2.4209763648257536
379,3.003344400069427,3.9496483792516073,2.6339623255484925
380,-3.1759877585468077,-7.232763055028968,2.300848852952328
381,-0.9535382064779223,-3.210913339681719,2.4206559565285843
382,-2.126871686232639,-5.334233042109156,2.3574042684947343
383,2.3361723157702405,2.7423022530691448,2.597996625030156
384,0.17707453026406306,-1.1649031122726052,2.4816046683359674
385,-0.28975445697825664,-2.009698904243945,2.4564389997722516
386,-2.9637576805586985,-6.848701478490598,2.3122896844942136
387,-0.7936791189580146,-2.921624781910359,2.429273589373521
388,1.2425960145122625,0.7633149092031744,2.5390444616069634
389,-3.3021307190163665,-7.461037316276107,2.2940487783606303
390,0.5154958168801018,-0.5524799623400667,2.4998481754159325
391,-2.168837540464286,-5.410176434722387,2.3551419865725505
392,-3.498290612215711,-7.816017527139357,2.2834742532290266
393,-0.6444189451240732,-2.651516519120804,2.4373198593505823
394,2.102718193240942,2.319832642738932,2.585411654445723
395,1.8065225648127208,1.7838230389338885,2.569444434716978
396,-0.5465755406388659,-2.4744544714756325,2.442594370479304
397,0.8076838801435609,-0.023722637805943414,2.51559935659642
398,0.9379124072288977,0.21194505782328,2.5226196746138
399,-0.20243164069188202,-1.8516754100783555,2.4611463703785565
400,3.587483576630623,5.006734232466512,2.665451914486097
401,2.3308691503589625,2.7327053943778306,2.597710743675899
402,-1.2703327764082593,-3.784199761284314,2.4035782956130904
403,-1.2906006115859538,-3.820877393433131,2.402485703600753
404,2.8101951195526453,3.600116315343655,2.6235500955678317
405,-0.20390022513388328,-1.8543330298720155,2.4610672023955456
406,0.7766449201231792,-0.07989220638240546,2.5139261182119643
407,4.483554018320793,6.62830564113488,2.7137569948508
408,-2.2251833298324954,-5.51214243737948,2.3521045156807387
409,2.77168529005046,3.5304271083705405,2.621474119927541
410,-0.580659090407464,-2.536133673510718,2.4407570053190533
411,-0.4721230447562905,-2.3397217172075004,2.446607931946822
412,0.629426322667553,-0.3463059360976888,2.505989904884971
413,0.8195926280771157,-0.002172004882855294,2.5162413295923134
414,2.7796102204402384,3.5447684368396644,2.621901334554374
415,4.893431862441123,7.370039953694618,2.7358525593050937
416,0.06081009219875355,-1.3753007326382294,2.4753371219880336
417,-0.9101650812621336,-3.132423283005063,2.4229941011673803
418,1.0279092309014686,0.3748075620959779,2.527471194759771
419,2.0368497372080543,2.2006339725600625,2.5818608386681525
420,0.750987965632238,-0.12632224346468046,2.51254301126977
421,-0.6923458631709263,-2.738247334461361,2.4347362302962425
422,-0.29356682444616067,-2.0165979445399578,2.456233483879365
423,2.704986675524479,3.409726144159384,2.6178785522299663
424,1.6829106804450307,1.5601291325885498,2.562780804570722
425,-1.7085788096671908,-4.577270489244699,2.3799534678415744
426,0.9510154996942477,0.23565703304128705,2.5233260319548263
427,-0.03573414559253152,-1.550011746851268,2.4701326459242425
428,-1.7749982350644067,-4.697466219617366,2.3763729505827382
429,-1.033757261607648,-3.356081532020907,2.4163315332192883
430,-4.401100356426669,-9.44978469606675,2.234805872687541
431,1.114613130595552,0.5317110355536924,2.532145201007268
432,2.243507539403935,2.5746116955468796,2.5930012817389416
433,0.37664413992136314,-0.8037525174053353,2.4923630033778723
434,-0.08341264116460478,-1.6362930051440756,2.4675624087496515
435,2.416577967193372,2.8878081188771687,2.6023311073130935
436,0.018931804138297093,-1.451085661370767,2.4730795605551794
437,-0.8728260715814309,-3.0648528468996155,2.425006960625134
438,1.6657146925764659,1.5290104604684427,2.5618538087260943
439,0.8684888582103355,0.08631292340709429,2.518877212014302
440,-0.3633297279834953,-2.142844190927074,2.4524727274643956
441,0.2691953722478613,-0.9981968841086415,2.4865706893854993
442,-2.116492324380644,-5.315450058499427,2.3579637958321547
443,0.7816448358292286,-0.07084412268555429,2.5141956520775586
444,0.596300142602432,-0.40625263668372424,2.5042041493061973
445,-0.9409489402177362,-3.188131208641746,2.4213346146899815
446,-3.1173662342585082,-7.126678774936888,2.3040090034383836
447,2.42636688560995,2.9055226081489822,2.6028588052136126
448,1.5240764977052994,1.2726952909319174,2.554218421966702
449,2.2503147631921916,2.5869303693406778,2.5933682433938
450,-0.5093802461655028,-2.407144109199592,2.4445994825833632
451,1.5865197170443723,1.385695490954664,2.5575845911740194
452,0.10208142300074519,-1.3006141824380428,2.477561963762076
453,0.7277513474756041,-0.16837232556076764,2.5112903790488676
454,0.9563564499619126,0.24532226899396736,2.5236139502031083
455,-1.0863647852315528,-3.451282592362184,2.413495583568223
456,-1.1668277229389217,-3.5968921261367983,2.4091580131145016
457,-2.4900322001285042,-5.991425466602132,2.337827127019183
458,-1.707481497606055,-4.5752847414932525,2.3800126213911343
459,0.003328309702866239,-1.4793224821324134,2.472238412340018
460,-0.7227263589473378,-2.793225315030937,2.4330984881928046
461,-0.9914850203358072,-3.2795836869436368,2.4186103317565903
462,0.3426050992752119,-0.8653511736294996,2.4905280376012513
463,-1.2559923767203545,-3.758248696456289,2.4043513533183387
464,1.5920540194739883,1.3957106261150811,2.557882932589143
465,-3.013035878194387,-6.937877633220127,2.3096332110895696
466,-1.503051526330709,-4.205338606600428,2.391032967261259
467,-0.5502044759634601,-2.4810215642983358,2.4423987429880447
468,2.503220801018245,3.0446010846527276,2.607001821641135
469,-0.17758076418894553,-1.8067040898085849,2.4624860235249546
470,0.8865446944048235,0.1189876176837319,2.519850560289003
471,1.194517556577049,0.6763098601207129,2.536452663388527
472,-2.4292726351812584,-5.881472087115849,2.3411025343210445
473,1.4323309302150096,1.1066681772223195,2.5492726310952105
474,-1.9410921884495558,-4.998037685242365,2.367419210571833
475,1.9810611667101203,2.099676339497987,2.578853406153972
476,1.379408909607,1.0108979882793214,2.546419727640755
477,0.13567222953871472,-1.2398266718341358,2.479372766276967
478,1.0713255410057547,0.45337576818720515,2.5298116673958013
479,-2.339590688110536,-5.719179398419104,2.345937080199315
480,2.744907647707891,3.4819690216018784,2.6200305993010877
481,-0.2595213889067014,-1.9549877158147186,2.4580687943898747
482,2.6729793345198902,3.351804147600003,2.616153110671409
483,-1.0814335524270935,-3.4423588004891457,2.413761414897812
484,2.0559041377559035,2.2351157160705726,2.5828880172324045
485,0.7885718810967193,-0.05830861428164136,2.5145690730306027
486,1.3405040469571428,0.9404939106577259,2.544322456679185
487,0.26367716679717845,-1.008182889415424,2.4862732157211953
488,-2.0835558110813457,-5.255846587854165,2.3597393269152485
489,-1.4446988567157226,-4.099740858627989,2.3941786244150918
490,0.8813430088741263,0.1095744017790361,2.519570149479861
491,-0.9912379025481539,-3.279136490919308,2.4186236533036958
492,-2.1823172832990814,-5.434570014244864,2.354415324883208
493,1.4439172266047926,1.1276352865966632,2.54989722147583
494,3.451772643715058,4.761145316215135,2.658136052678972
495,-2.3317218543364735,-5.704939585036205,2.3463612707876322
496,4.096191776669832,5.927316626617124,2.6928751943330864
497,-2.16769256206149,-5.40810442770694,2.355203709704108
498,1.067701135660404,0.4468168730289752,2.5296162841052325
499,-0.6603844964919827,-2.6804085352138767,2.436459193485467
500,-3.112838424881062,-7.118485037158303,2.3042530871461793
501,0.7096044481670878,-0.20121181195110838,2.51031212177278
502,-0.7421378827834824,-2.828353325717238,2.432052057939913
503,-1.9171237410130901,-4.9546632503041526,2.3687112940127735
504,-1.6465488094914216,-4.465018070143585,2.383297361361652
505,-0.47242828941183346,-2.3402741023583076,2.4465914769150245
506,-2.7236174492051095,-6.414132369727762,2.325235087706538
507,1.854435178553326,1.8705279685260185,2.5720272926593264
508,0.4890433152564908,-0.6003496591015276,2.4984221823719404
509,0.4552115650455808,-0.6615731927600379,2.4965983911421574
510,-4.582345448122125,-9.777774377436522,2.2250353699316
511,-1.0998366045170593,-3.4756618330554883,2.412769349019066
512,-0.6583733072013276,-2.67676899204917,2.4365676120380613
513,0.24662833377612303,-1.0390352631707378,2.4853541526532874
514,-1.1555611385945261,-3.5765035827854943,2.4097653685598557
515,1.4755631256655244,1.1849032007370859,2.5516031785370403
516,0.7241226201236701,-0.17493904202633725,2.5110947627689244
517,-1.1965633537156943,-3.650703128534545,2.4075550341883525
518,-1.4120857034223353,-4.040722555527475,2.395936723909834
519,0.4125121328151644,-0.738844102779781,2.494296563730552
520,-2.5937314618160388,-6.179084550117212,2.3322369402029186
521,1.0048209752680028,0.3330259638316351,2.526226560418582
522,0.9746830409770308,0.2784869339866418,2.5246018942425517
523,-1.204855884050204,-3.6657096832319453,2.4071080031006096
524,2.0799848779028407,2.2786933612032354,2.5841861541130804
525,1.3065650274131202,0.8790762573457787,2.542492882808318
526,-1.4971802405552794,-4.194713650455671,2.3913494746674075
527,-0.6865761128604198,-2.727806121691285,2.43504726416084
528,-0.6914017375813608,-2.7365388001866258,2.4347871259182345
529,-0.8872182277038183,-3.090897572616866,2.42423111285049
530,2.6630129327583694,3.3337684760814765,2.6156158450551823
531,-0.5889958688677006,-2.551220301707075,2.4403075889174204
532,1.711692662563968,1.6122143673172407,2.564332374508337
533,-1.3823114259097156,-3.9868416161705724,2.397541786191916
534,1.4398167072640424,1.1202147930569932,2.549676171983428
535,0.36222951242485846,-0.8298379083828964,2.49158594422353
536,-0.4857838776760264,-2.3644430059037993,2.445871508110781
537,2.4250002128674364,2.9030494125818054,2.6027851310540955
538,0.1632999532145183,-1.1898302377203445,2.4808621128175474
539,2.5852644745536235,3.1930711926680657,2.611424605899108
540,2.730927867249994,3.4566705503709447,2.6192769817425994
541,-1.5001840339157608,-4.200149456843523,2.3911875471303308
542,0.6805600177270004,-0.2537719855618743,2.5087464038545457
543,-1.1610275020683805,-3.5863957724016187,2.4094706895763434
544,-0.09289802671732961,-1.6534582070041974,2.467051073602219
545,-1.8538714533313891,-4.8401989219819,2.372121078218991
546,0.30580754516932673,-0.9319417661441531,2.4885443667584184
547,-1.1684079837350456,-3.5997518407373867,2.409072824918125
548,1.8615711787597387,1.883441611660082,2.572411977888763
549,-1.4513525379262626,-4.111781674518597,2.393819939884674
550,2.475255295966207,2.9939933854010707,2.6054942660895533
551,-0.8194578540210848,-2.968275198869823,2.427883917522978
552,-0.6465075486571479,-2.6552961547562672,2.437207267575621
553,-1.5615323961609926,-4.311168351739617,2.38788039913099
554,-4.0257965106073765,-8.770617124379058,2.2550376330380875
555,1.694193449088993,1.5805469638130225,2.563389032474162
556,-1.2706128371947836,-3.784706572515862,2.4035631981852994
557,-0.459655800545542,-2.317160403033456,2.447280012182391
558,0.6120093311195176,-0.377824546918089,2.50505099524427
559,0.032323181818267877,-1.4268519916075122,2.4738014586838424
560,-2.3609320404526777,-5.757799717950065,2.344786617365137
561,0.8859099376216748,0.11783893181808303,2.519816342022223
562,0.1928777809705462,-1.1363048031247995,2.4824565849486415
563,-0.2609012094371215,-1.9574847042400996,2.4579944114635848
564,-0.8707338723577265,-3.061066704332526,2.425119746235432
565,-2.450763991056005,-5.920363860126789,2.339943985144135
566,2.0521031771728797,2.228237318212381,2.582683116258238
567,-0.2833736981635151,-1.9981519816157314,2.456782971688958
568,-1.4384756551087028,-4.088479058967129,2.3945141027879573
569,-3.2818174348656717,-7.424277437518356,2.2951438204217225
570,-3.9160848366461085,-8.572077695539972,2.2609519350628844
571,-1.5288885570390907,-4.252094518113982,2.3896401528276066
572,3.1873193529890402,4.282578146472638,2.6438799887950477
573,2.4272517701089527,2.9071239369472512,2.6029065072857365
574,-0.25101822865088685,-1.939599995259902,2.458527180048396
575,-1.4143002300363423,-4.044730067519767,2.3958173439134836
576,-3.076965729990948,-7.053568113578105,2.3061869009725826
577,0.34851432390978987,-0.8546575615326937,2.4908465902033528
578,-0.8109284575028122,-2.9528399999348807,2.4283437175176097
579,1.0427894944244143,0.4017355900272779,2.528273355272929
580,-0.3597511096903774,-2.1363681541818784,2.452665642481109
581,0.9845388533866832,0.29632247778889775,2.5251331982431804
582,0.8198635758837706,-0.001681684930231242,2.516255935760491
583,-1.5971192425445908,-4.375567990356716,2.385961994734958
584,-1.6310096443543771,-4.436897662719721,2.3841350417334444
585,-0.9957735623113559,-3.287344435126885,2.418379146399787
586,-2.8390856963556157,-6.623089165395712,2.319010462165211
587,1.2927665539173396,0.8541058877598238,2.5417490390878763
588,2.2143374163584513,2.5218240626586947,2.5914287880237126
589,1.8183170965384188,1.8051669808107667,2.5700802505818547
590,-3.4434494350639913,-7.716774341838864,2.2864306139640407
591,-1.2392762080044366,-3.727998327745224,2.405252483224679
592,-0.24907646906578185,-1.9360860953707686,2.4586318558065203
593,0.18012777087017118,-1.1593778238127972,2.481769261459447
594,-0.7645868036852796,-2.8689779536439763,2.430841888652086
595,1.4356900504442893,1.1127469999003758,2.549453713480122
596,1.1280063331773797,0.5559480077455486,2.5328671975121875
597,0.6306246259714817,-0.34413742982165063,2.5060545026383334
598,-0.4850474001385807,-2.3631102413550638,2.44591120990763
599,-0.8007047482626795,-2.934338692645831,2.4288948539835467
600,-0.8242595798968448,-2.9769646288857468,2.427625067611709
601,0.422880757216062,-0.7200805501689214,2.4948555122368816
602,-0.6938177664853229,-2.7409109602433475,2.4346568834005273
603,1.3037225908719292,0.8739324498818569,2.5423396536433245
604,-0.019644514041138095,-1.5208951893956666,2.471000000664417
605,-1.621943442600526,-4.420491035667573,2.384623779653986
606,-0.8997339198331451,-3.113546560433413,2.4235564208999367
607,2.0305097011861197,2.189160743821814,2.5815190620228075
608,0.6717430244735485,-0.2697276331371359,2.508271100186582
609,-0.16990111643352268,-1.7928066363836606,2.4629000155335627
610,-0.6407179000151118,-2.6448189330252774,2.437519374113152
611,-2.4528863203385542,-5.924204527471914,2.339829575292201
612,1.8528754746835703,1.867705454710682,2.5719432126391983
613,0.011469501701856233,-1.4645897964373562,2.472677285128908
614,2.6205009661937284,3.256836812787843,2.6133241234830553
615,2.0173396914268045,2.1653276719069474,2.5808090973255813
616,-1.5609391486026443,-4.310094782928376,2.3879123797316706
617,-2.9432453800993965,-6.8115814504176875,2.3133954550631755
618,-0.03173814806872799,-1.5427804009299888,2.4703480608877797
619,2.1797950433760835,2.459314552457563,2.5895666887675937
620,0.6197638993042994,-0.36379151394439546,2.5054690260395565
621,1.8519536714961267,1.8660373161094819,2.5718935203661584
622,1.4964807912028508,1.2227567966077895,2.552730801397712
623,1.0197093137441176,0.35996860457972746,2.5270291562337417
624,-0.39731266788170094,-2.2043413245871024,2.450640785949039
625,5.3648681683990045,8.223173367299431,2.76126659774072
626,-0.9251563577405735,-3.159552205225774,2.4221859562031387
627,-0.9744615060010635,-3.2487771310793274,2.419528029952807
628,-0.7155311939290079,-2.780204604457831,2.4334863628601084
629,3.1400110442648907,4.196966795790388,2.641329707535319
630,0.29061172039772476,-0.9594408486206207,2.4877251950698307
631,-1.611934473509328,-4.402378332298035,2.385163339976283
632,-1.1441906378028381,-3.555926987321346,2.4103783259000253
633,-0.7963566233336019,-2.9264701203346792,2.429129251319245
634,2.005228397524032,2.1434105022281096,2.580156205546012
635,-0.4842406183398025,-2.3616502508932933,2.445954701644238
636,0.21987024744246364,-1.0874579604617076,2.4839116862459445
637,1.255656529135068,0.7869498335455967,2.5397485236752
638,0.8208199992177323,4.910392381551887e-05,2.516307494325379
639,1.6637976485294508,1.5255412869847926,2.5617504653253467
640,-2.2785082835375117,-5.608641793092535,2.3492298910370453
641,0.37981627056752765,-0.7980120799117314,2.4925340055878147
642,2.232128987761817,2.554020530883407,2.592387890396102
643,1.6385407215591759,1.4798351586043323,2.5603889229395005
644,-0.36578645041511804,-2.147289991914136,2.452340291252953
645,-0.4462215625128687,-2.2928491711509293,2.448004220813341
646,1.031040809035376,0.38047461384737247,2.5276400108777786
647,-0.6247713072534116,-2.6159612253217635,2.438379017963737
648,-0.015805050608389326,-1.5139471149614505,2.471206977237963
649,1.6433789476379255,1.4885906411121423,2.5606497404920985
650,-2.2483096494432884,-5.553992918015643,2.3508578293987745
651,-1.041105899931249,-3.369379975138532,2.4159353851618692
652,0.9418539579696469,0.21907787427345737,2.5228321544774763
653,-0.5332349317230249,-2.450312675266664,2.4433135317815937
654,-0.28822907893594696,-2.006938508067742,2.456521229366593
655,1.063453324449064,0.4391298331610797,2.529387294449512
656,-0.26627353147197996,-1.9672067120249346,2.4577048020360603
657,-1.3374681647876767,-3.905691132097271,2.3999591824495394
658,0.18509415979408694,-1.1503904117649468,2.4820369879739372
659,2.2353560349255837,2.559860347901939,2.5925618530282044
660,0.8000673927080408,-0.037505793331790827,2.5151887694142694
661,1.1026639326174827,0.5100872023188743,2.531501047443249
662,3.2192439717571864,4.340350444964505,2.6456009709895936
663,0.40866347874326703,-0.7458088090288593,2.4940890917109435
664,1.7970873970834753,1.7667487136198228,2.5689358066959986
665,-1.961700543818274,-5.035331538817697,2.366308261905349
666,-1.417368354382889,-4.050282290299513,2.395651948442062
667,0.851347398831461,0.05529292861827573,2.517953155674152
668,-0.43062889502747925,-2.264631943349598,2.448844785372706
669,-0.25298098112920675,-1.9431518848804812,2.4584213726120834
670,0.3257267826801793,-0.8958949728037151,2.4896181666785964
671,-1.4892712174566514,-4.180401108572184,2.391775831769041
672,-0.044236635453555495,-1.5653982542280254,2.4696742964051395
673,1.4738916982037367,1.1818785066309059,2.5515130757570463
674,2.04341607963422,2.2125167360598983,2.5822148149671578
675,-2.251384282273517,-5.559556918854955,2.3506920830700837
676,1.6119604501454574,1.4317342435938742,2.5589560421223037
677,0.13961238109299834,-1.2326963874178847,2.4795851707137446
678,1.033033494240889,0.38408067114531574,2.527747431918039
679,4.700607969235178,7.021096726038192,2.72545787020009
680,-0.5349123971294629,-2.4533482959227597,2.443223103510002
681,-0.6392810699650147,-2.6422187774795196,2.437596830290488
682,0.156294176013011,-1.2025082231519875,2.4804844476084544
683,4.080630912245514,5.899156951137771,2.692036344203017
684,-0.7554884893309444,-2.8525132141127454,2.431332357688462
685,-2.0360119664330694,-5.1698090002350625,2.3623023053706675
686,0.4404651844739633,-0.6882589397769512,2.495803447948572
687,1.7135884808469588,1.6156451296554424,2.5644345736773486
688,0.8074043556614892,-0.024228478515621488,2.515584288079552
689,1.6978026438100633,1.5870783331068923,2.5635835957952384
690,-3.7835957090358328,-8.332319110392351,2.268094116814343
691,0.14128733089827605,-1.2296653191125038,2.4796754633751075
692,0.3531529301268068,-0.8462633205582826,2.4910966467119344
693,0.49680581467410523,-0.5863022733941019,2.498840640721589
694,-2.4616895573540485,-5.940135281109047,2.33935501319114
695,-1.186978043611866,-3.633357098485553,2.4080717560367026
696,-0.32776727672181005,-2.078488698875189,2.454389816775946
697,-2.040094351464694,-5.17719667707213,2.362082233456829
698,0.40017184390713423,-0.761175672639661,2.4936313273610624
699,-1.9877879679953065,-5.082540574182722,2.364901949340233
700,-0.01966573136366434,-1.5209335852649892,2.4709988568877512
701,1.3904835389192203,1.0309391607349407,2.5470167352353013
702,1.6457234825451397,1.4928334222544222,2.560776128934168
703,-1.0011026551108086,-3.296988213244857,2.418091867360129
704,1.1641238564549168,0.6213079843432596,2.5348142094694213
705,1.070084894500119,0.45113063565276623,2.529744787018572
706,0.8668154091102028,0.08328457084864227,2.518787000252469
707,0.40812228149819796,-0.7467881851339309,2.494059917022005
708,0.47535295307146974,-0.6251243853514397,2.4976841666816423
709,-1.4681156801910356,-4.1421170487830725,2.392916277743189
710,0.43668612236743576,-0.695097709117412,2.4955997274705055
711,0.8778652768877984,0.10328093366128299,2.5193826730100897
712,-0.610571012770202,-2.590263701491816,2.439144522922169
713,0.6918893376381138,-0.23326991296489608,2.5093571412288833
714,0.4233302130705521,-0.7192671936188071,2.4948797413601316
715,2.2957447833696105,2.6691426803237013,2.595817270471963
716,1.8495189002045644,1.8616312389426062,2.571762267489783
717,1.3039241249088802,0.8742971553971597,2.5423505178760886
718,0.3802696530483016,-0.7971916175531804,2.4925584463863864
719,3.7192999364385178,5.245275345212127,2.6725578288848526
720,0.797370878771277,-0.04238553235620168,2.515043406598628
721,-1.3270233203060786,-3.886789648027122,2.4005222398037644
722,-1.024604042296497,-3.3395174338856988,2.4168249620546223
723,0.5521469662235761,-0.486154310800772,2.5018239539174107
724,-0.868170568334961,-3.0564280282623564,2.425257928013398
725,-0.6548664761396137,-2.670422864869713,2.436756657171552
726,-1.4433327904424376,-4.097268760556191,2.3942522658812666
727,0.7715050896558213,-0.08919348644199587,2.5136490418659143
728,2.1454497252463964,2.3971616420282547,2.5877152122817986
729,0.8762733427643667,0.10040009445608256,2.5192968555316844
730,-0.920186341486704,-3.1505582289902954,2.422453878258576
731,0.9357241750238444,0.20798512943578107,2.5225017120880873
732,-2.2313136841044443,-5.523236216115944,2.3517740424924773
733,-0.08407129298888183,-1.637484932605156,2.467526902356602
734,-0.7382347260401945,-2.8212899888588936,2.432262468072184
735,-2.308623468123752,-5.663139653997004,2.3476064512448755
736,-0.48586332232597473,-2.3645867726959198,2.445867225433866
737,0.11581338424052778,-1.2757641765731313,2.4783022219609756
738,-0.26861660028323087,-1.9714468400507221,2.457578492627817
739,2.4299026372191688,2.9119210713176225,2.6030494093867738
740,0.9761413472288696,0.28112595388177697,2.524680508152152
741,-0.748715821811452,-2.8402570749756206,2.4316974564949803
742,-0.5978056817383397,-2.5671629553223356,2.4398326723272623
743,-0.8024328414717203,-2.9374659317655523,2.4288016964844847
744,0.42552514893178106,-0.7152951339783922,2.4949980652644204
745,-0.9657766528947489,-3.233060610557658,2.4199962102517407
746,0.07318242721443013,-1.3529111706278725,2.476004085888898
747,1.0307608636115382,0.37996801138157044,2.52762491966892
748,0.5835767100525637,-0.4292775613805637,2.503518258551116
749,1.2339358560338751,0.7476430772469653,2.5385776125381865
750,3.013984856719376,3.968903852343867,2.6345359279012524
751,-1.0230715993647932,-3.336744252751867,2.416907572500764
752,0.11407244982907483,-1.2789146537394838,2.47820837222244
753,-1.4000699699096932,-4.018978316445665,2.396584464250291
754,0.62513086561633,-0.35407919812861754,2.505758346752467
755,-0.7356393688048235,-2.8165933077807583,2.432402377764542
756,-0.6104517703499517,-2.590047914774189,2.4391509510046356
757,-2.3805599903406685,-5.7933193834454615,2.3437285200854667
758,0.5533873433395201,-0.4839096657666113,2.5018908197724476
759,-2.1126657245132234,-5.30852526258078,2.3581700789607245
760,0.4991065827189114,-0.5821386948339362,2.49896466979355
761,-0.015381505182491928,-1.5131806471471352,2.4712298095900693
762,1.1675513954461112,0.6275106208454926,2.5349989801511894
763,-1.090015991525251,-3.4578899877828526,2.4132987555006595
764,1.0058319511691582,0.33485547358876455,2.5262810597859136
765,3.298138886892638,4.483122411007324,2.649854012981244
766,1.6296749279756928,1.4637911996461406,2.559910988558874
767,-0.2021705894953123,-1.851202999498915,2.4611604430434397
768,0.9211318253151104,0.1815781239459795,2.5217150723412542
769,1.211176673605603,0.706456985402765,2.5373507177706687
770,-0.9231632200647368,-3.1559453291161566,2.4222934016350224
771,1.0978121266074823,0.5013071449258659,2.531239497828045
772,-0.2613755118715386,-1.958343024335171,2.457968842918809
773,0.7910136368970342,-0.05388989761772045,2.514700702425665
774,-1.6427969028446405,-4.458228442606148,2.3834996179518355
775,-0.5794140789146778,-2.5338806418892825,2.440824121002613
776,0.70369820694911,-0.21190002511627348,2.5099937299997466
777,-2.0466540544143204,-5.1890674254615305,2.3617286150766077
778,-0.546135389734036,-2.473657953602073,2.4426180979942744
779,0.03513192975978763,-1.4217691486253083,2.473952871774528
780,-1.367185124964613,-3.9594683472954033,2.398357210012162
781,0.9577507289499747,0.247845422127428,2.5236891125513297
782,-2.1176181998379624,-5.317487495922177,2.3579031024960955
783,-0.43854268357322956,-2.278953109011355,2.4484181713768534
784,-0.02832718182428562,-1.5366077552532946,2.4705319381711828
785,-1.8326583737585134,-4.8018107309147755,2.3732646261655086
786,-1.5268217004363764,-4.248354236751227,2.3897515722759546
787,-2.2391549776404833,-5.53742619138289,2.3513513365345524
788,-0.19664894272683098,-1.8412107666208497,2.461458102221206
789,-0.9583434107145656,-3.219609064303836,2.4203969191069588
790,-1.8424043604103306,-4.819447528836652,2.3727392426169147
791,-0.881997704096602,-3.081450266438818,2.424512539176654
792,-0.3258764038832118,-2.07506688604682,2.4544917493475116
793,3.3625715359174233,4.599722776985559,2.6533274277312975
794,2.477125731853816,2.9973782145573304,2.6055950969524684
795,-1.6856206804851777,-4.535724373955082,2.381191087367414
796,-0.7336812823871779,-2.813049862084042,2.4325079336643545
797,-3.249898699916354,-7.366515786663058,2.296864485433235
798,-1.3481684118309403,-3.925054804710233,2.3993823569352797
799,0.5442036640005511,-0.5005288858073733,2.501395748907618
800,0.06727754845707201,-1.3635969182198813,2.4756857675629647
801,0.744929892199345,-0.13728521937967741,2.5122164345739924
802,1.0759231923764838,0.46169589533676714,2.5300595161235604
803,1.6966649923535582,1.585019585279643,2.5635222676423632
804,-0.7969321954601178,-2.9275117028493547,2.429098223560119
805,0.2302127516756527,-1.0687416761404105,2.4844692266745723
806,-0.1629539279315262,-1.7802346758308625,2.463274522361691
807,1.384157437831095,1.0194911493113243,2.5466757097899353
808,1.427790886969107,1.0984523004573439,2.5490278878879247
809,0.19030864584098994,-1.140954031441301,2.4823180888292224
810,-2.3200347435149067,-5.683790037102842,2.34699129584057
811,2.8029163559328105,3.586944320791401,2.6231577142937135
812,-1.7096483050561098,-4.579205898631825,2.379895813824314
813,0.1893550136041946,-1.1426797693940651,2.4822666807259197
814,-1.430869913112641,-4.074715348896266,2.3949241107083865
815,1.6778013620615493,1.550883068637584,2.562505373060386
816,0.16209029959096677,-1.192019284071037,2.480796903194757
817,0.05532361444247158,-1.3852293220101934,2.475041358690195
818,1.695370507588657,1.5826770244874844,2.563452484969385
819,-0.3480182239825207,-2.115135769851524,2.453298135152088
820,2.2316859125182815,2.55321872098836,2.5923640052367993
821,1.1841586302854206,0.6575638576665715,2.535894237684776
822,1.0789604586717871,0.4671922759289757,2.530223248108965
823,-2.4947263204967927,-5.999920168607583,2.3375740778713867
824,-0.6640651788050635,-2.6870692718318905,2.4362607764340147
825,0.22213999752645486,-1.083350513468936,2.484034043211549
826,1.7788369742104986,1.7337218860959678,2.5679519687045262
827,0.48000737226342594,-0.6167015284704798,2.497935075631072
828,0.25278568130374435,-1.027892636163438,2.4856860809853822
829,-0.8354296406137385,-2.997178498520177,2.4270229155313574
830,-1.9162494185197936,-4.953081035010431,2.368758426711652
831,2.3958745289532892,2.8503421988453392,2.6012150329494244
832,1.0317904253237566,0.3818311549005622,2.527680420954235
833,0.8625994970545574,0.07565525720004596,2.5185597302062916
834,1.8130036138306862,1.7955514514523139,2.569793813046063
835,0.6038169329548899,-0.39264989770986913,2.5046093620496994
836,2.3726384416802806,2.8082930774613515,2.5999624293472268
837,1.5942624528063363,1.3997071114169868,2.5580019841108057
838,-0.8837511778115568,-3.084623435321232,2.424418013473338
839,-0.31875229787691706,-2.062174767219265,2.454875793388216
840,0.05681142064575262,-1.382536917609122,2.4751215628737837
841,0.48768134343259417,-0.6028143476642738,2.498348761628047
842,-4.220664352383431,-9.123259177940074,2.2445327594036764
843,1.362326839164889,0.9799854665164891,2.54549887282052
844,2.3559166925966757,2.7780326102532653,2.5990609986161797
845,0.5629075936495069,-0.46668137099447926,2.502404034398131
846,0.26030572319396406,-1.014284013053211,2.4860914690117584
847,-0.6430646327193936,-2.649065691404979,2.437392867192938
848,1.568000215119097,1.3521817252643624,2.5565862477545815
849,1.783626838630278,1.7423898510607132,2.568210179192195
850,-0.7643307210710102,-2.8685145344458505,2.4308556934722088
851,-0.8602743449330368,-3.0421386493148184,2.4256835951130693
852,-0.5341424534212145,-2.451954969410142,2.4432646093905426
853,-2.207852590873217,-5.48077991331893,2.35303877564432
854,3.1179383982939557,4.157023092756711,2.6401398223567876
855,-1.8940558623446782,-4.912918527158539,2.369954829879023
856,1.0607117105370953,0.43416847909066025,2.529239500398755
857,-1.515405668207713,-4.227695245447464,2.3903669841103357
858,-0.1490792101492726,-1.7551263309817404,2.4640224762348697
859,-1.1655211499322662,-3.5945276898912404,2.409228447436565
860,-0.35004986007468886,-2.1188123145143334,2.4531886143598127
861,2.6440959288168795,3.29953537196153,2.614596073223484
862,-3.3590061614272555,-7.563961804104197,2.2909827551010453
863,0.10808600171920135,-1.2897480130858017,2.4778856566817984
864,-3.3965661099113715,-7.6319320615072055,2.2889579853445614
865,0.5438140622875423,-0.5012339274750715,2.5013747463823996
866,-1.9568972473452568,-5.026639266574793,2.3665671964838664
867,0.12192121959230673,-1.2647111491385785,2.4786314812064516
868,3.356623152403958,4.588958301131369,2.6530067641648074
869,2.09905958823338,2.3132118582560945,2.5852144275306377
870,0.892567100149967,0.12988604766576883,2.520175214222408
871,2.220632732634731,2.533216364432298,2.591768153931233
872,-0.7551459549802506,-2.851893347767729,2.431350822921295
873,-0.6945888831852258,-2.74230640945707,2.4346153142867264
874,0.6743245667184751,-0.2650559523184306,2.508410265144828
875,-0.5375347511084314,-2.4580938315836343,2.4430817384857786
876,0.020467635162287223,-1.4483063489850818,2.4731623536455345
877,-2.4485710539388967,-5.916395417508131,2.340062201300763
878,1.9184671598667773,1.9864032672831446,2.575479108341834
879,0.37010851954788215,-0.8155796848270835,2.49201068323352
880,3.6936498101273934,5.198857664726641,2.6711750900340014
881,-0.4368207109293636,-2.2758369459555334,2.448510998930439
882,-0.4024338929768476,-2.2136089354860586,2.450364712575489
883,-0.3460743584269892,-2.1116180588988063,2.4534029244381714
884,-0.5612554988038938,-2.5010200173672485,2.4418030079636868
885,-0.13686014156496507,-1.7330141271470927,2.4646811778976936
886,2.0167299786425583,2.164224306844966,2.5807762291227334
887,0.2315855197953962,-1.0662574500906068,2.4845432294217495
888,-0.10580431348536035,-1.6768140333336832,2.4663553256001327
889,-0.0489861597655743,-1.5739932178277671,2.469418260559154
890,0.6695318590012862,-0.2737290626485165,2.5081519013815994
891,-0.2845337000316903,-2.0002511758039834,2.4567204386772135
892,-1.6724985627524034,-4.511977969714263,2.3818984703164974
893,-0.6549575314140501,-2.6705876427965007,2.436751748592789
894,-0.2992090213828362,-2.0268083306981306,2.4559293261214776
895,-0.5884266187589762,-2.5501901598144876,2.440338275871237
896,-0.9678299013214033,-3.2367762659220762,2.4198855243886257
897,-0.6692937890452102,-2.696531211962963,2.4359789141762236
898,1.9268319528161357,2.0015405918226366,2.5759300349396264
899,0.40205463575959355,-0.7577684835456222,2.493732824305411
900,-2.7294803517697757,-6.424742155218258,2.3249190322198574
901,-0.22740381901361983,-1.8968662438506634,2.459800178132287
902,1.4846493336434117,1.2013460319975087,2.5520929949467352
903,-2.098077975272567,-5.282126582315394,2.358956470706971
904,2.291712420310702,2.6618455256118887,2.5955998951267243
905,2.4862957758459316,3.0139727594301613,2.606089432767353
906,4.7490493191564465,7.108758481604504,2.7280692310843038
907,-0.72685052790104,-2.800688606027606,2.4328761638045884
908,-2.251180110647991,-5.559187440234746,2.3507030894891328
909,2.749792632664274,3.490809121183897,2.620293937516388
910,2.018813659797368,2.1679950347121286,2.5808885555436873
911,-1.1968229765984058,-3.6511729543697076,2.407541038520569
912,-0.4079785552240627,-2.2236428182618733,2.4500658126866
913,1.128438516812368,0.5567301076711697,2.5328904955301246
914,0.9728327200604878,0.27513850583238764,2.52450214773111
915,-1.5685115656773752,-4.323798186647094,2.3875041682805156
916,-1.270978172263319,-3.78536770011718,2.4035435038186126
917,1.8147657425667023,1.7987402828697707,2.569888805321498
918,1.1582111735573972,0.6106081140104769,2.534495470440385
919,1.249425478903461,0.7756738306428896,2.5394126222011715
920,0.7215687591996953,-0.17956062941873485,2.5109570900465323
921,1.3483947097125342,0.9547732267965889,2.544747824017283
922,-0.9566798566522605,-3.2165986182733466,2.420486597450239
923,0.05867521420917665,-1.3791641087165245,2.475222035664408
924,-0.3516856997055713,-2.1217726072002656,2.4531004300372956
925,1.5004093244997643,1.2298660560765666,2.552942579521165
926,1.0628141658852401,0.43797318162513177,2.529352838892944
927,-0.2701176709136628,-1.9741632483858718,2.4574975733897158
928,0.8539278925911415,0.05996271204853976,2.518092264110991
929,-0.8301523382380633,-2.987628442800067,2.42730740266932
930,2.3391622922606343,2.74771305579607,2.598157807731801
931,-1.8826796182067174,-4.892331538263592,2.3705680968296727
932,1.4923843283138447,1.215343643814858,2.552509970579221
933,4.958766739367004,7.488273033910987,2.739374611069873
934,-1.7262273077375547,-4.609208045206122,2.379002078220915
935,0.46371239861001823,-0.6461896826958773,2.497056651374152
936,-1.1853122484568726,-3.6303425968678527,2.4081615551920867
937,2.7659186819359673,3.519991581866823,2.621163255451444
938,0.9430241698039824,0.22119554489884252,2.5228952378848386
939,1.4573664723645015,1.151973677171148,2.5506222391385514
940,2.433582898419729,2.9185810458705213,2.6032478037370232
941,-0.9709526476337782,-3.242427335191932,2.4197171843736363
942,-2.8001848511769447,-6.552692357979768,2.3211075165542083
943,-0.6484222885196571,-2.6587611584787467,2.437104048388111
944,-0.21795600707443263,-1.8797690369768603,2.460309487773321
945,-3.1993450642303944,-7.275031538976037,2.299589714746607
946,-1.8501298861600426,-4.833428005247676,2.37232277743201
947,0.011215901982420284,-1.465048722471693,2.4726636141558815
948,0.14419924609293933,-1.224395779794576,2.4798324379732475
949,-2.2636165270787565,-5.581692967001571,2.3500326711077326
950,2.274078823186246,2.6299349351062347,2.5946493087815146
951,-1.482145486667048,-4.1675060494599965,2.392159963398037
952,0.9462283086834222,0.2269939060036945,2.523067965584443
953,0.1557997718798274,-1.2034029202309249,2.4804577954276894
954,0.6377046118403051,-0.3313251528794545,2.5064361682646763
955,-0.9806396283793486,-3.259957353237972,2.4191949816966645
956,1.4637601119430752,1.1635439094381317,2.5509669054273805
957,0.18984377132727714,-1.1417952903256374,2.4822930285218123
958,3.120810131901546,4.162219917576195,2.640294630858717
959,0.4152930035509126,-0.7338117077062787,2.4944464740256813
960,0.17964905495379835,-1.1602441307533375,2.481743454994092
961,0.5517510110036532,-0.48687085007475717,2.501802608889335
962,-0.8476530485569893,-3.01929855506382,2.4263639799437486
963,0.4824794505183404,-0.6122279388600611,2.4980683396393437
964,0.3537046440683973,-0.8452649129423127,2.4911263883316224
965,-0.5537778436999177,-2.4874880993881296,2.442206111016669
966,0.31300195032268086,-0.9189224306586055,2.4889322004631396
967,0.8632468389798176,0.07682671773351046,2.5185946269089063
968,0.6578986267580906,-0.2947811093608106,2.50752478079791
969,-0.9297227017660759,-3.167815677124173,2.4219397951817907
970,-1.712772605736701,-4.584859780759844,2.379727390016928
971,1.4172831735056433,1.079437045707162,2.5484614414126416
972,1.2822073110546457,0.8349973829741772,2.5411798147821267
973,-0.25605076319899744,-1.9487071075545033,2.458255887776641
974,3.2753746975487665,4.44192725841206,2.6486268483025164
975,1.0357606021959327,0.38901577455070546,2.5278944439862974
976,0.2398544021763085,-1.0512936898473515,2.4849889857031284
977,-2.8445382379984396,-6.6329563423733156,2.318716528284561
978,-0.07967197805048443,-1.629523724434537,2.4677640592270427
979,2.2321029345287604,2.553973383721907,2.592386485926702
980,1.7889421353937984,1.7520086632202274,2.5684967145195277
981,-1.9730786616368001,-5.055921918413512,2.365694893948925
982,2.464916950822048,2.9752846275638047,2.6049369498677564
983,-0.8007096505007723,-2.9343475639674956,2.4288945897152567
984,-2.4949224532050764,-6.000275099623332,2.337563504811725
985,1.2425632215128366,0.7632555654420033,2.5390426938123847
986,-1.704047786070047,-4.5690709348622605,2.3801977248204924
987,-1.552645860255196,-4.295086856494949,2.3883594516821285
988,-1.6099575204644552,-4.398800744661308,2.3852699129322144
989,2.9952663837693874,3.9350300192862977,2.6335268584150993
990,1.2634389050041328,0.8010331886186826,2.5401680535182725
991,-3.044124348065667,-6.9941367971620085,2.3079573037438177
992,-2.027240028997878,-5.153934887797328,2.362775180183902
993,-0.03536191910918807,-1.549338148220131,2.4701527117911075
994,1.334117078691295,0.9289357511134336,2.543978150025361
995,1.486107049455368,1.2039839834047377,2.5521715770270825
996,-0.1572251584022708,-1.7698676238187794,2.4635833470473676
997,0.34744106999415303,-0.8565997725273604,2.4907887335726198
998,0.8124452019190361,-0.015106324958912731,2.5158560284162994
999,-1.6922528402556924,-4.547726243630979,2.3808335630079327
