No.,Gene,Description,Genbank,UniGene,Fold change,p-value
1,CG12184,CG12184 ,NM_131946,FBgn0025387,7.368424,0.020073
2,,,,,5.747186,0.0093
3,CG11697,CG11697 ,NM_132502,FBgn0030313,5.481377,0.023574
4,Cyp303a1,CG4163 ,NM_143813,FBgn0001992,5.247604,0.007393
5,CG11697,CG11697 ,NM_132502,FBgn0030313,5.2398577,0.034309
6,Cng,Cyclic-nucleotide-gated ion channel protein,NM_001202031,FBgn0261612,4.516458,0.033094
7,CG8335,CG8335 ,NM_136366,FBgn0033069,4.456302,0.038674
8,CG14946,CG14946 ,NM_001038811,FBgn0032405,4.133538,0.031845
9,,,EC267473,Dm.32285,4.058496,0.045961
10,CG13759,CG13759 ,NM_130653,FBgn0040376,3.779957,0.001361
11,CG14946,CG14946 ,NM_001038811,FBgn0032405,3.7437875,0.035857
12,CG34323,CG34323 ,NM_001103492,FBgn0085352,3.564918,0.049505
13,RpS10a,Ribosomal protein S10a,NM_143319,FBgn0027494,3.4887664,0.006642
14,CG10591,CG10591 ,NM_139721,FBgn0035621,3.4217255,0.009118
15,CG14644,CG14644 ,NM_141188,FBgn0250821,3.0513213,0.005524
16,,,BT022153,Dm.287,2.769012,0.029403
17,,,AY119076,Dm.11912,2.7407162,0.014835
18,CG42322,CG42322 ,NM_169921,FBgn0259222,2.7307022,0.007666
19,CG11892,CG11892 ,NM_170210,FBgn0039313,2.6566603,1.04E-04
20,,,EL882211,Dm.34919,2.6121972,0.00283
21,jbug,jitterbug,NM_166546,FBgn0028371,2.59336,0.011365
22,CG33767,CG33767 ,NM_001031970,FBgn0053767,2.5599432,0.003064
23,,,AY118601,Dm.33938,2.5482633,0.041323
24,CG13563,CG13563 ,NM_001103973,FBgn0034966,2.5174384,0.048325
25,CG15343,CG15343 ,NM_132241,FBgn0030029,2.5030324,0.002434
26,Gal,beta galactosidase,NM_135134,FBgn0001089,2.498689,0.025181
27,CG18446,CG18446 ,NM_136685,FBgn0033458,2.4834733,0.026243
28,Hsp60B,Heat shock protein 60 related,NM_080186,FBgn0011244,2.447038,0.001149
29,CG13563,CG13563 ,NM_001103973,FBgn0034966,2.4271019,0.027922
30,CG15343,CG15343 ,NM_132241,FBgn0030029,2.357169,0.001561
31,CG34323,CG34323 ,NM_001103492,FBgn0085352,2.344111,0.043093
32,Est-6,Esterase 6,NM_176322,FBgn0000592,2.3307924,3.08E-04
33,Damm,Death associated molecule related to Mch2,NM_078979,FBgn0033659,2.3239279,0.037581
34,CG11666,CG11666 ,NM_167721,FBgn0040648,2.3061826,0.00375
35,CG34447,CG34447 ,NM_001103590,FBgn0085476,2.279087,0.003378
36,beat-Vb,CG31298 ,NM_169481,FBgn0038092,2.2530758,0.023017
37,CG9400,CG9400 ,NM_001103512,FBgn0030562,2.2267683,0.043198
38,skpB,CG8881 ,NM_136885,FBgn0026176,2.180534,0.021147
39,,,EC086150,Dm.32556,2.175325,0.032327
40,skpB,CG8881 ,NM_136885,FBgn0026176,2.1678576,0.029002
41,Mst57Db,Male-specific RNA 57Db,NM_079775,FBgn0011669,2.1328154,0.025753
42,bgcn,benign gonial cell neoplasm,NM_079108,FBgn0004581,2.1303012,0.027212
43,Rbp9,RNA-binding protein 9,NM_057589,FBgn0010263,2.1098793,0.007456
44,Rbp9,RNA-binding protein 9,NM_001014462,FBgn0010263,2.0976148,0.047968
45,CG42322,CG42322 ,NM_169921,FBgn0259222,2.077793,0.004304
46,CG34417,CG34417 ,NM_001169209,FBgn0085446,2.0765364,0.047351
47,Ilp6,Insulin-like peptide 6,NM_130644,FBgn0044047,2.0460672,0.048461
48,CG31245,CG31245 ,NM_169856,FBgn0051245,2.0445502,0.047171
49,CG4576,CG4576 ,NM_142238,FBgn0038366,2.0321288,0.005176
50,,,AW942739,Dm.33639,2.0272465,0.026203
51,CG33792,CG33792 ,NM_001032240,FBgn0053792,2.0228643,0.019755
52,,,BT029922,FBgn0262870,2.0213962,0.038061
53,CG14864,CG14864 ,NM_142182,FBgn0038311,2.0172276,0.044964
54,CG4586,CG4586 ,NM_132143,FBgn0029924,2.0023272,0.038188
55,BobA,Brother of Bearded A,NM_080348,FBgn0040487,0.499676,0.037804
56,,,DQ327772,Dm.11284,0.4986177,0.016034
57,,,AY119528,FBgn0051451,0.4967232,0.011981
58,tinc,tincar,NM_176510,FBgn0261649,0.4964023,0.008834
59,CG32391,CG32391 ,NM_168189,FBgn0052391,0.4944853,0.011016
60,Gr85a,Gustatory receptor 85a,NM_169314,FBgn0045473,0.4940653,0.014993
61,CG5561,CG5561 ,NM_134752,FBgn0031333,0.4907298,0.008892
62,Slob,Slowpoke binding protein,NM_164756,FBgn0024290,0.4902641,0.005736
63,,,EL873064,Dm.34829,0.4887812,0.006937
64,CG15446,CG15446 ,NM_134586,FBgn0031155,0.488578,0.025855
65,,,BT011400,Dm.31333,0.4885241,0.039876
66,dro2,drosomycin-2,NM_168019,FBgn0052279,0.4884685,4.92E-04
67,CG3119,CG3119 ,NM_164504,FBgn0031466,0.4880483,0.030093
68,,,BG634425,Dm.36471,0.4870214,0.001784
69,CG14810,CG14810 ,EL876986,Dm.28004,0.4860581,0.008732
70,CG12370,CG12370 ,NM_165907,FBgn0033744,0.4858341,0.022674
71,Rab9Fa,Rab GTPase 9Fa,NM_167260,FBgn0052671,0.4845207,0.005162
72,,,NM_139983,FBgn0262508,0.4834043,0.025856
73,TotZ,Turandot Z,NM_080521,FBgn0044809,0.4831244,0.02023
74,CG18540,CG18540 ,NM_137472,FBgn0034326,0.4829527,0.005193
75,,,AY060672,Dm.3912,0.4816212,0.021282
76,CG8310,CG8310 ,NM_130652,FBgn0040377,0.4807814,0.030612
77,Aats-gly,Glycyl-tRNA synthetase,NM_168605,FBgn0027088,0.4794609,0.027248
78,CG14190,CG14190 ,NM_133116,FBgn0030979,0.4785516,0.032185
79,nimC2,nimrod C2,NM_176033,FBgn0028939,0.4784744,0.01705
80,CG12985,CG12985 ,NM_133027,FBgn0030881,0.4783112,0.048272
81,mav,maverick,NM_079887,FBgn0039914,0.4781819,0.04321
82,CG14358,CG14358 ,NM_001104314,FBgn0038199,0.4777639,0.014094
83,,,NM_001015177,Dm.29294,0.4766412,0.001182
84,CG4133,CG4133 ,NM_134682,FBgn0031257,0.4764672,0.015248
85,CG13737,CG13737 ,NM_168562,FBgn0036382,0.475651,0.042013
86,CG7992,CG7992 ,NM_133141,FBgn0031004,0.4745103,0.00357
87,,,BT022237,Dm.28061,0.472924,0.004602
88,,,EC068095,Dm.35536,0.4727627,0.011234
89,cpx,complexin,NM_001104208,FBgn0041605,0.4718628,0.042335
90,CG12511,CG12511 ,NM_135105,FBgn0031729,0.4718247,0.019369
91,,,BT011045,Dm.22096,0.4699033,0.005489
92,,,EL881596,Dm.34911,0.469897,0.015204
93,scro,scarecrow,NM_001015473,FBgn0028993,0.469832,0.010286
94,CG11379,CG11379 ,NM_130532,FBgn0040362,0.4687459,0.003253
95,,,NM_140223,Dm.27848,0.468693,0.009849
96,Cpr76Bc,Cuticular protein 76Bc,NM_001104174,FBgn0036880,0.467927,0.035047
97,CG13042,CG13042 ,NM_140613,FBgn0036602,0.4674914,0.022361
98,Tdc2,Tyrosine decarboxylase 2,NM_165483,FBgn0050446,0.4673938,0.001929
99,Ir7d,Ionotropic receptor 7d,NM_001144703,FBgn0259190,0.4672189,0.036249
100,CG17601,CG17601 ,NM_134627,FBgn0031197,0.4671156,0.00407
101,,,EC239982,Dm.35552,0.466848,0.038957
102,PIP82,CG11219 ,NM_132259,FBgn0024943,0.4663303,0.007232
103,,,BT021461,Dm.15604,0.4660893,0.013693
104,scpr-C,SCP-containing protein C,NM_141796,FBgn0037879,0.4656518,0.023583
105,CG9861,CG9861 ,NM_137934,FBgn0034844,0.465546,0.039886
106,,,CA805530,Dm.32107,0.4638614,0.035358
107,Vm26Ab,Vitelline membrane 26Ab,NM_057436,FBgn0003980,0.4612955,0.006981
108,CG32271,CG32271 ,NM_168001,FBgn0052271,0.4609058,0.049252
109,CG13999,CG13999 ,NM_135128,FBgn0031753,0.4595763,0.017423
110,CG15570,CG15570 ,NM_131926,FBgn0029697,0.4587185,0.00212
111,CG14053,CG14053 ,NM_130630,FBgn0029603,0.4586904,0.003347
112,CG17944,CG17944 ,NM_169184,FBgn0037500,0.4585725,0.029823
113,CG33798,CG33798 ,NM_001032243,FBgn0053798,0.4580402,0.007009
114,,,NM_001202034,FBgn0262720,0.457268,0.024648
115,CG11322,CG11322 ,NM_135227,FBgn0031856,0.4553249,0.012405
116,CG9314,CG9314 ,NM_135404,FBgn0032061,0.4550734,0.04985
117,yellow-d2,CG9891 ,NM_137944,FBgn0034856,0.4548512,0.03429
118,CG42346,CG42346 ,NM_001042841,FBgn0259677,0.4545333,0.001279
119,CG18369,CG18369 ,NM_137048,FBgn0033860,0.4535188,0.045702
120,CG2065,CG2065 ,NM_136465,FBgn0033204,0.4527991,0.022118
121,CG33721,CG33721 ,NM_001043278,FBgn0053721,0.4515277,0.005428
122,vn,vein,NM_079218,FBgn0003984,0.4514823,0.041198
123,miple,CG1221 ,NM_138178,FBgn0027111,0.4514357,0.011546
124,CG34427,CG34427 ,NM_001104083,FBgn0085456,0.4512089,0.015996
125,,,AY071149,Dm.4699,0.4495282,0.027466
126,CAH2,Carbonic anhydrase 2,NM_140298,FBgn0027843,0.4491781,0.033956
127,CG42265,CG42265 ,NM_001144689,FBgn0259150,0.447983,4.33E-05
128,CG10881,CG10881 ,NM_142630,FBgn0038796,0.4438776,0.003584
129,,,ES695344,Dm.35774,0.4437684,0.025676
130,,,EC245879,Dm.32542,0.4437349,0.002802
131,jp,junctophilin,NM_001103663,FBgn0032129,0.4437259,0.045239
132,CG13040,CG13040 ,NM_140618,FBgn0036608,0.4432191,0.024397
133,Cpr30F,Cuticular protein 30F,NM_164879,FBgn0051876,0.4424758,0.007252
134,CG42541,CG42541 ,NM_001038740,FBgn0260658,0.4410316,0.001101
135,Tsp29Fa,Tetraspanin 29Fa,NM_001169444,FBgn0032074,0.4404951,0.003915
136,CG4847,CG4847 ,NM_166235,FBgn0034229,0.440464,0.01978
137,Mef2,Myocyte enhancer factor 2,NM_057671,FBgn0011656,0.4381182,0.031094
138,CG7794,CG7794 ,NM_142417,FBgn0038565,0.4379162,0.024378
139,CG17097,CG17097 ,NM_135585,FBgn0032275,0.4376746,0.035637
140,CG10132,CG10132 ,NM_136135,FBgn0032798,0.437557,0.038498
141,,,AJ001721,Dm.7375,0.4365583,0.048373
142,Scp1,Sarcoplasmic calcium-binding protein 1,NM_001015389,FBgn0020908,0.436169,0.049715
143,RpL40,Ribosomal protein L40,EL874388,Dm.19778,0.4359217,0.022039
144,Hip1,Huntingtin interacting protein 1,NM_168513,FBgn0036309,0.4343866,0.013965
145,,,BT001303,Dm.2018,0.4330179,0.049857
146,CG13747,CG13747 ,NM_136596,FBgn0033364,0.4323435,0.001207
147,sls,sallimus,NM_079937,FBgn0086906,0.4321203,0.031362
148,CG5556,CG5556 ,NM_134751,FBgn0031332,0.4318923,0.04468
149,CG14227,CG14227 ,NM_134501,FBgn0031058,0.4300227,0.001777
150,Cyp4e3,Cytochrome P450-4e3,NM_078803,FBgn0015035,0.4293072,0.015961
151,Trxr-2,thioredoxin reductase 2,NM_079492,FBgn0037170,0.4286126,0.005794
152,ed,echinoid,NM_078745,FBgn0000547,0.4285966,0.042755
153,PGRP-SC1b,CG8577 ,NM_136565,FBgn0033327,0.4274191,0.001545
154,,,CO338652,Dm.32596,0.4261676,0.020244
155,,,CO315730,Dm.25958,0.426097,0.042089
156,sens-2,senseless-2,NM_164716,FBgn0051632,0.4259067,0.001695
157,,,BT003554,Dm.28328,0.4253168,0.029073
158,CG31728,CG31728 ,NM_165031,FBgn0051728,0.4251207,0.049526
159,CG32198,CG32198 ,NM_168767,FBgn0052198,0.4249788,0.015522
160,CG34263,CG34263 ,NM_001103989,FBgn0085292,0.4231351,0.032447
161,CG5155,CG5155 ,NM_135267,FBgn0031905,0.4212985,7.45E-04
162,srpk79D,serine-arginine protein kinase at 79D,NM_001202232,FBgn0025702,0.4211698,0.017181
163,Or9a,Odorant receptor 9a,NM_078552,FBgn0030204,0.4198009,0.003468
164,nub,nubbin,NM_001103683,FBgn0085424,0.4192316,8.06E-04
165,,,AY059443,Dm.33461,0.4190439,0.008613
166,CG4115,CG4115 ,NM_141922,FBgn0038017,0.4188253,0.044626
167,d,dachs,NM_001201800,FBgn0262029,0.4176063,0.012274
168,CG34325,CG34325 ,NM_001103533,FBgn0085354,0.4164266,0.047143
169,CG31798,CG31798 ,NM_165292,FBgn0051798,0.4163415,0.024674
170,CG42345,CG42345 ,NM_001144134,FBgn0259247,0.4156708,0.005263
171,CG15028,CG15028 ,NM_132779,FBgn0030618,0.4149912,0.00494
172,CG12992,CG12992 ,NM_132994,FBgn0030846,0.4146627,0.029658
173,CG15120,CG15120 ,NM_137584,FBgn0034454,0.4144669,4.42E-04
174,CG5130,CG5130 ,NM_168859,FBgn0037000,0.414365,0.041227
175,pug,pugilist,NM_169350,FBgn0020385,0.413844,0.008899
176,AttA,Attacin-A,NM_079021,FBgn0012042,0.4137191,0.031132
177,,,BG633194,Dm.31798,0.4135525,0.013812
178,miple,CG1221 ,NM_138178,FBgn0027111,0.4126502,0.004606
179,CG9452,CG9452 ,NM_140862,FBgn0036877,0.4120821,0.021459
180,CG33225,CG33225 ,NM_206196,FBgn0053225,0.4118377,0.04767
181,TpnC41C,Troponin C at 41C,NM_078895,FBgn0013348,0.4106713,0.009355
182,CG13310,CG13310 ,NM_140000,FBgn0035928,0.4095268,0.049655
183,cpx,complexin,NM_001104208,FBgn0041605,0.409088,0.018325
184,CG6048,CG6048 ,NM_132054,FBgn0029827,0.4074217,0.04589
185,CG9452,CG9452 ,NM_140862,FBgn0036877,0.4072984,0.004806
186,Src64B,Src oncogene at 64B,NM_001014563,FBgn0262733,0.4072558,0.007537
187,Shal,Shaker cognate l,NM_001104176,FBgn0005564,0.4070792,0.036449
188,Cpr64Aa,Cuticular protein 64Aa,NM_139615,FBgn0035510,0.4068036,0.042498
189,Rph,Rabphilin,NM_132423,FBgn0030230,0.4052514,0.010798
190,CG10801,CG10801 ,NM_130702,FBgn0029660,0.403821,0.026499
191,CG30053,CG30053 ,NM_165945,FBgn0050053,0.4036548,0.006093
192,,,AY113318,Dm.13304,0.4025854,0.009767
193,pcl,pepsinogen-like,NM_080291,FBgn0011822,0.4021242,8.97E-05
194,,,BT011091,Dm.16303,0.4016044,0.00876
195,CG6052,CG6052 ,NM_140745,FBgn0036747,0.4015995,0.006263
196,Gr39a,Gustatory receptor 39a,NM_165370,FBgn0041244,0.4012719,0.041275
197,dpr4,CG33512 ,NM_001014616,FBgn0053512,0.4010197,0.019761
198,CG34113,CG34113 ,NM_001043216,FBgn0083949,0.4008072,0.020911
199,CG15213,CG15213 ,NM_144202,FBgn0040843,0.4007233,0.016202
200,Def,Defensin,NM_078948,FBgn0010385,0.4006344,4.86E-05
201,CG12880,CG12880 ,NM_143323,FBgn0046258,0.4003063,0.048271
202,CG7778,,NM_135370,FBgn0032025,0.4001569,0.037463
203,,,BP557385,Dm.34685,0.3992888,0.045615
204,CG4329,CG4329 ,NM_137843,FBgn0034745,0.39861,0.047254
205,CG11638,CG11638 ,NM_130523,FBgn0040351,0.3973085,0.01307
206,CG30098,CG30098 ,NM_166171,FBgn0050098,0.3970234,0.032484
207,CG10257,CG10257 ,NM_137164,FBgn0033985,0.3970048,7.16E-04
208,CG14635,CG14635 ,NM_130508,FBgn0029535,0.3945784,0.010518
209,CG13047,CG13047 ,NM_140605,FBgn0036594,0.3945186,0.011357
210,,,BP552696,Dm.33260,0.3943099,0.017598
211,TpnC41C,Troponin C at 41C,NM_078895,FBgn0013348,0.3942981,0.028329
212,CG42388,CG42388 ,NM_001201637,FBgn0259734,0.3941086,0.020293
213,CG7778,CG7778 ,NM_135370,FBgn0032025,0.3938174,0.017467
214,cpx,complexin,NM_001104208,FBgn0041605,0.3937954,0.007196
215,CG14448,CG14448 ,NM_141161,FBgn0037191,0.3927754,0.019749
216,,,CO343583,Dm.34496,0.392466,0.020228
217,Gr28b,Gustatory receptor 28b,NM_139357,FBgn0045495,0.3921897,0.01144
218,mav,maverick,NM_001144384,FBgn0039914,0.391397,0.027896
219,CG2278,CG2278 ,NM_132229,FBgn0030017,0.3908147,0.003815
220,Toll-7,CG8595 ,NM_079073,FBgn0034476,0.3905887,0.004036
221,,,CO284972,Dm.35395,0.3901648,3.13E-04
222,CG14227,CG14227 ,NM_134501,FBgn0031058,0.3898018,0.003426
223,CG14303,CG14303 ,NM_142478,FBgn0038633,0.3892707,0.008103
224,Obp99c,Odorant-binding protein 99c,NM_143454,FBgn0039682,0.3881825,0.018204
224,,,AY113318,Dm.13304,0.387906,0.00922
225,CG9757,CG9757 ,EL873150,Dm.4859,0.3873859,0.006179
226,CG13035,CG13035 ,NM_140635,FBgn0036628,0.3872298,0.00295
227,CG34377,CG34377 ,NM_143981,FBgn0085406,0.386806,0.005734
228,TpnC41C,Troponin C at 41C,NM_078895,FBgn0013348,0.3862869,0.00736
229,Dl,Delta,NM_169853,FBgn0000463,0.384708,0.017525
230,CG30181,CG30181 ,NM_166606,FBgn0050181,0.3839271,0.010881
231,tipE,temperature-induced paralytic E,NM_079196,FBgn0003710,0.3833919,0.004949
232,CG15127,CG15127 ,NM_145337,FBgn0040730,0.382638,0.001855
233,CG10178,CG10178 ,NM_136038,FBgn0032684,0.3815387,0.012556
234,trp,transient receptor potential,NM_057420,FBgn0003861,0.3810272,0.003453
235,Lsp1gamma,Larval serum protein 1 gamma,NM_079144,FBgn0002564,0.3806772,0.04932
236,,,BT025839,Dm.27128,0.380252,0.007793
237,CG9657,CG9657 ,NM_132169,FBgn0029950,0.3799168,0.023189
238,CG42817,CG42817 ,NM_165149,FBgn0261999,0.3797292,0.01911
239,,,ES694102,Dm.35778,0.3791063,0.040302
240,CG18294,CG18294 ,NM_140858,FBgn0036873,0.3786262,0.034557
241,Egfr,Epidermal growth factor receptor,NM_057411,FBgn0003731,0.377911,0.012283
242,CG14303,CG14303 ,NM_142478,FBgn0038633,0.3777054,0.030747
243,chrb,charybde,NM_140213,FBgn0036165,0.377119,0.026501
244,CG6067,CG6067 ,NM_132055,FBgn0029828,0.3761021,0.02451
245,CG15116,CG15116 ,EL872872,Dm.30995,0.3758038,1.12E-05
246,CG14072,CG14072 ,NM_135628,FBgn0032318,0.3725505,0.018948
247,lectin-46Cb,CG1652 ,NM_144375,FBgn0040092,0.37213,0.005881
248,CG5945,CG5945 ,NM_135782,FBgn0032494,0.3720942,0.008354
249,CG34299,CG34299 ,NM_001104509,FBgn0085328,0.3715345,0.008085
250,,,EL887107,Dm.34968,0.3710499,0.005197
251,CG18605,CG18605 ,NM_001202045,FBgn0034411,0.3697131,0.007722
252,,,AW942833,Dm.31631,0.3693602,0.004643
253,CG14372,CG14372 ,NM_001038963,FBgn0038156,0.3688998,0.012387
254,ptr,proximal to raf,NM_166938,FBgn0003159,0.3682483,0.036843
255,CG16885,CG16885 ,NM_135845,FBgn0032538,0.3675076,0.00157
256,CG4678,CG4678 ,NM_132924,FBgn0030778,0.366394,0.042048
257,CG34357,CG34357 ,NM_001104211,FBgn0085386,0.3656449,0.003978
258,chrb,charybde,NM_140213,FBgn0036165,0.3640114,0.006394
259,,,EC239965,Dm.35475,0.3635553,0.002329
230,,,L27072,Dm.2955,0.3634546,0.02983
231,Gycbeta100B,Guanylyl cyclase beta-subunit at 100B,NM_079864,FBgn0013973,0.3618372,0.041811
232,Cda5,Chitin deacetylase-like 5,NM_164354,FBgn0051973,0.3616922,0.026706
233,CG13501,CG13501 ,NM_137787,FBgn0034684,0.3604632,0.010609
234,desat2,CG5925 ,NM_141944,FBgn0043043,0.3596523,0.022968
235,CG1075,CG1075 ,NM_141352,FBgn0037397,0.3590569,0.009026
236,Hsp70Bbb,CG5834 ,NM_080188,FBgn0051354,0.3580867,0.046942
237,Dgk,CG34361 ,BT100181,FBgn0085390,0.3565006,6.70E-04
238,CG32642,CG32642 ,NM_167343,Dm.26529,0.3532165,0.022705
239,toc,toucan,NM_057805,FBgn0015600,0.3528361,0.013255
240,CG13955,CG13955 ,NM_136642,FBgn0033412,0.3518569,0.023729
241,CG13541,CG13541 ,NM_137931,FBgn0034841,0.3506677,0.009213
242,Or33c,Odorant receptor 33c,NM_078831,FBgn0026390,0.3506182,0.001097
243,,,BT028838,Dm.26476,0.3497917,0.00262
244,CG31010,CG31010 ,NM_170519,FBgn0051010,0.349766,0.007845
245,CG31809,CG31809 ,NM_001103698,FBgn0051809,0.3494393,0.003067
246,CG31792,CG31792 ,NM_165270,FBgn0051792,0.3486782,0.004149
247,,,EC256652,Dm.32925,0.3484632,0.013682
248,CG32264,CG32264 ,NM_001202114,FBgn0052264,0.3475626,0.03544
249,,,BT025010,Dm.4718,0.3463084,0.02445
250,m2,E(spl) region transcript m2,NM_079784,FBgn0002592,0.3455582,0.004933
251,CG33282,CG33282 ,NM_001103597,FBgn0053282,0.3453294,0.010876
252,Shaw,Shaker cognate w,NM_057373,FBgn0003386,0.3446266,0.012812
253,CG3104,CG3104 ,NM_134880,FBgn0031473,0.3422564,0.031554
254,CG34028,,NM_001038749,FBgn0054028,0.3422091,0.002697
255,CG1273,CG1273 ,NM_139626,FBgn0035522,0.3405265,0.01776
256,Spn2,Serine protease inhibitor 2,NM_080218,FBgn0028987,0.3380556,0.032715
257,CG31268,CG31268 ,NM_169739,FBgn0051268,0.3380033,0.044308
258,CG31728,CG31728 ,NM_165031,FBgn0051728,0.337862,0.003963
259,,,AY060266,Dm.20385,0.3355507,0.041283
260,,,AY051838,Dm.1105,0.3355126,0.003609
261,Sgs3,Salivary gland secretion 3,NM_079300,FBgn0003373,0.3346406,0.007688
262,CG11739,CG11739 ,NM_164346,FBgn0037239,0.3331483,0.00434
263,CG13228,CG13228 ,NM_136801,FBgn0033588,0.3330173,0.001806
264,dro5,drosomycin-5,NM_139546,FBgn0035434,0.3314491,0.024232
265,CG6036,CG6036 ,NM_143215,FBgn0039421,0.330637,0.019353
266,CG34115,CG34115 ,BI212388,Dm.33109,0.3305565,0.002706
267,,,AY089352,Dm.5078,0.3302557,0.041705
268,CG11739,CG11739 ,NM_164346,FBgn0037239,0.3295085,0.007882
269,CG14529,CG14529 ,NM_143384,FBgn0039609,0.3289681,0.011502
270,,,BI627220,Dm.35309,0.3282013,0.026596
271,,,BT001707,Dm.14913,0.3266806,0.002488
272,CG9757,CG9757 ,NM_057327,FBgn0003060,0.3252806,4.92E-04
273,MTA1-like,CG2244 ,NM_001144539,FBgn0027951,0.3246979,0.023849
274,CG13299,CG13299 ,NM_139782,FBgn0035694,0.3219366,0.009846
275,Dll,Distal-less,NM_079133,FBgn0000157,0.3217825,0.03097
276,pncr008:3L,putative noncoding RNA 008:3L,NR_002478,Dm.5761,0.3198143,0.004027
277,CG12645,CG12645 ,NM_001103465,FBgn0030181,0.3182775,0.004575
278,CG14490,CG14490 ,NM_137430,FBgn0034281,0.3172081,0.002256
279,CG12674,CG12674 ,NM_134800,FBgn0031388,0.316731,0.019687
280,ci,cubitus interruptus,NM_079878,FBgn0004859,0.3134046,0.036539
281,CG13699,CG13699 ,NM_140776,FBgn0036781,0.3120308,0.042091
282,CG6234,CG6234 ,NM_141963,FBgn0038071,0.3120214,0.001746
283,,,AF136243,Dm.1743,0.3118958,0.02019
284,CG13424,CG13424 ,NM_137647,FBgn0034520,0.3118386,0.00161
285,orb,oo18 RNA-binding protein,NM_001170228,FBgn0004882,0.3108126,9.94E-04
286,CG14020,CG14020 ,NM_135084,FBgn0031707,0.3100889,0.015557
287,,,,,0.3092457,0.015298
288,CG4020,CG4020 ,NM_132048,FBgn0029821,0.3090075,0.005497
289,Pif1A,CG42599 ,NM_001202267,FBgn0261015,0.3084137,0.006258
290,loopin-1,CG4750 ,NM_137290,FBgn0259795,0.3075151,0.003229
291,Tdc1,Tyrosine decarboxylase 1,NM_136382,FBgn0259977,0.3069527,0.028639
292,,,EC252091,Dm.25052,0.3060621,0.00665
293,Sh,Shaker,NM_206774,FBgn0003380,0.3051155,0.025308
294,CG17707,CG17707 ,NM_001169156,FBgn0025835,0.3044403,0.001391
295,,,NM_001169908,FBgn0262508,0.302794,0.016946
296,ETHR,CG5911 ,NM_206533,FBgn0038874,0.3025197,0.00114
297,Gyc88E,Guanylyl cyclase at 88E,NM_169616,FBgn0038295,0.300291,0.032588
298,CG32588,CG32588 ,NM_167432,FBgn0052588,0.2999225,0.018824
299,NT1,Neurotrophin 1,NM_168090,FBgn0261526,0.2998078,0.035506
300,CG34215,CG34215 ,BP554725,Dm.36355,0.2994923,8.66E-04
301,,,CO315845,Dm.7443,0.2993198,0.018719
302,CG15471,CG15471 ,NM_131959,FBgn0029726,0.2988458,0.001591
303,shakB,shaking B,NM_001103568,FBgn0085387,0.2985862,0.048543
304,CG10249,CG10249 ,NM_001202005,FBgn0027596,0.2967519,2.86E-04
305,,,CO289131,Dm.24357,0.2957084,0.004499
306,,,BP551579,Dm.33195,0.2956635,0.03813
307,CG4049,CG4049 ,NM_138041,FBgn0034976,0.2955364,0.021026
308,,,BT001843,Dm.20930,0.2946014,0.021275
309,,,EC228474,Dm.35600,0.2940328,0.032539
310,Tie,Tie-like receptor tyrosine kinase,NM_079204,FBgn0014073,0.2939539,0.037538
311,,,CA804173,Dm.32099,0.2939013,0.001718
312,CG12983,CG12983 ,NM_001144520,FBgn0037040,0.2926536,0.029118
313,VAChT,CG32848 ,NM_057790,FBgn0015323,0.2923193,0.009743
314,CG10140,CG10140 ,NM_140391,FBgn0036363,0.2917399,0.027559
315,CG34136,CG34136 ,NM_001042906,FBgn0083972,0.2916709,0.011817
316,CG7365,CG7365 ,NM_140921,FBgn0036939,0.2915571,0.015205
317,,,BP551579,Dm.33195,0.2910106,0.013775
318,chrb,charybde,NM_140213,FBgn0036165,0.2892426,0.014628
319,CG34427,CG34427 ,NM_001104083,FBgn0085456,0.2892264,0.017479
320,CG15472,CG15472 ,NM_131956,FBgn0029724,0.2884252,0.003178
321,CG9430,CG9430 ,NM_136387,Dm.27725,0.287337,0.009464
322,CG14128,CG14128 ,NM_140262,FBgn0036218,0.2872849,0.048961
323,CG1552,CG1552 ,NM_132448,FBgn0030258,0.287012,5.41E-04
324,tipE,temperature-induced paralytic E,NM_079196,FBgn0003710,0.28509,0.049459
325,CG3288,CG3288 ,NM_141007,FBgn0037030,0.2838374,0.001191
326,alphaTub85E,alpha-Tubulin at 85E,NM_079573,FBgn0003886,0.2830983,0.022456
327,CG34370,CG34370 ,NM_001103934,FBgn0085399,0.2818894,5.56E-04
328,ppk10,pickpocket 10,NM_001038805,FBgn0065110,0.2816684,0.001855
329,CG42673,CG42673 ,NM_168353,FBgn0261555,0.2796854,0.047972
330,CG14303,CG14303 ,NM_142478,FBgn0038633,0.27775,0.029756
331,Ilp3,Insulin-like peptide 3,NM_140103,FBgn0044050,0.2765687,0.022542
332,CG34427,CG34427 ,NM_001104083,FBgn0085456,0.2757518,0.00197
333,CG7025,CG7025 ,NM_135289,FBgn0031930,0.2757437,0.040336
334,,,AY095517,Dm.10796,0.274582,0.026176
335,CG5681,CG5681 ,NM_136014,FBgn0032658,0.2721405,0.03596
336,l(2)41Ab,lethal (2) 41Ab,NM_001110887,FBgn0262123,0.2715845,0.032556
337,cac,cacophony,NM_206693,FBgn0005563,0.2704209,0.004722
338,,,BI232411,Dm.31943,0.2703874,0.011948
339,Tsp42Ei,Tetraspanin 42Ei,NM_078911,FBgn0033130,0.2702382,0.003206
340,Ccp84Ac,CG1327 ,NM_141424,FBgn0004781,0.2686311,0.014092
341,CG34434,CG34434 ,NM_001103417,FBgn0250904,0.2679212,0.022567
342,CG13720,CG13720 ,NM_139656,FBgn0035555,0.2671427,0.030938
343,CG3880,CG3880 ,NM_138118,FBgn0035057,0.2659819,6.36E-05
344,Cpr56F,Cuticular protein 56F,NM_137626,FBgn0034499,0.2658151,0.019472
345,fau,CG6544 ,NM_169361,FBgn0020439,0.2647537,0.001734
346,CG13314,CG13314 ,NM_140018,FBgn0035949,0.2641343,0.044627
347,ventrally-expressed-protein-D,CG33200 ,NM_176245,FBgn0053200,0.2641158,0.038653
348,CG11322,CG11322 ,NM_135227,FBgn0031856,0.2636857,0.042178
349,,,CO334386,Dm.35458,0.2627654,0.002383
350,,,AY095517,Dm.10796,0.2607928,0.025084
351,CG31016,CG31016 ,NM_170514,FBgn0051016,0.2606727,0.029565
352,Cht3,Chitinase 3,NM_001042957,FBgn0250907,0.2606423,0.034118
353,CG33557,CG33557 ,NM_001014730,FBgn0053557,0.2596992,0.002646
354,Tsp42El,Tetraspanin 42El,NM_078914,FBgn0033134,0.2596281,0.04165
355,CG31810,CG31810 ,NM_165198,FBgn0051810,0.2590781,0.007465
356,trpl,trp-like,NM_165694,FBgn0005614,0.2560813,0.005649
357,CG31004,CG31004 ,NM_001170311,FBgn0051004,0.2555355,0.048333
358,dro5,drosomycin-5,NM_139546,FBgn0035434,0.252242,0.039754
359,,,AF045777,,0.2513273,0.036535
360,Ccp84Aa,CG2360 ,NM_141426,FBgn0004783,0.2498114,0.027572
361,CG34282,CG34282 ,NM_001104360,FBgn0085311,0.2496315,0.011263
362,CG8568,CG8568 ,NM_132989,FBgn0030841,0.2492495,0.020913
363,,,AY128491,Dm.14040,0.2474231,0.018721
364,CG13314,CG13314 ,NM_140018,FBgn0035949,0.2466891,0.040934
365,chrb,charybde,NM_140213,FBgn0036165,0.2460714,5.42E-04
366,CG33205,CG33205 ,NM_176309,FBgn0053205,0.2457684,0.035226
367,CG34136,CG34136 ,NM_001042906,FBgn0083972,0.2455175,0.017378
368,,,EC205494,Dm.35483,0.2441001,0.003305
369,CG10597,CG10597 ,NM_132979,FBgn0030832,0.2426268,0.02627
370,mp,multiplexin,NM_001169888,FBgn0260660,0.2420319,0.027824
371,CG14968,CG14968 ,NM_168014,FBgn0035431,0.2396619,0.012697
372,,,EC090867,Dm.35505,0.234511,0.021961
373,CG33205,CG33205 ,NM_176309,FBgn0053205,0.233699,0.026096
374,CG14684,CG14684 ,NM_141750,FBgn0037824,0.2322042,0.006814
375,CG11781,CG11781 ,EL881214,Dm.20598,0.2317077,0.009199
376,cac,cacophony,NM_206693,Dm.2395,0.2293044,
377,Rph,Rabphilin,NM_001169244,FBgn0030230,0.2285827,0.049895
378,SP555,CG14041 ,NM_001042872,FBgn0260470,0.228484,0.00422
379,CG14070,CG14070 ,NM_135623,FBgn0032313,0.2271064,0.022585
380,CG14439,CG14439 ,NM_001201621,FBgn0029898,0.2266441,0.013242
381,CG15283,CG15283 ,NM_144317,FBgn0028844,0.2249348,0.043187
382,Hsp70Bb,Heat-shock-protein-70Bb,NM_169469,FBgn0013278,0.2243749,0.047498
383,CG13704,CG13704 ,NM_139682,FBgn0035583,0.2243487,0.039903
384,Idgf4,Imaginal disc growth factor 4,NM_167207,FBgn0026415,0.2238576,0.033835
385,kirre,kin of irre,NM_080320,FBgn0028369,0.2237056,0.029783
386,Gr98a,Gustatory receptor 98a,NM_143307,FBgn0039520,0.223428,0.001517
387,CG6048,CG6048 ,NM_132054,FBgn0029827,0.2219618,0.026862
388,TwdlY,TweedleY,NM_167540,FBgn0052570,0.2181056,0.035341
389,CG10587,CG10587 ,NM_141016,FBgn0037039,0.2146834,0.019446
390,dei,delilah,NM_079792,FBgn0008649,0.2133964,0.028656
391,mp,multiplexin,NM_001169888,FBgn0260660,0.2118141,0.026318
392,,,EC205494,Dm.35483,0.2111748,0.00312
393,,,AY089317,Dm.6590,0.2109099,0.027069
394,CG9168,CG9168 ,NM_138262,FBgn0035216,0.208842,0.023513
395,Gr23a,Gustatory receptor 23a,NM_175951,FBgn0041248,0.2086933,0.023257
396,CG11584,CG11584 ,NM_132713,FBgn0030541,0.2057568,0.00156
397,dei,delilah,NM_079792,FBgn0008649,0.202741,0.011166
398,CG1273,CG1273 ,NM_139626,FBgn0035522,0.1995543,0.015181
399,ATPCL,ATP citrate lyase,NM_001144202,FBgn0020236,0.1988789,0.033402
400,CG15295,CG15295 ,NM_132413,FBgn0030220,0.197237,0.002086
401,CG1273,CG1273 ,NM_139626,FBgn0035522,0.1969246,0.048229
402,CG12535,CG12535 ,NM_166972,FBgn0029657,0.1962502,0.021356
403,Cpr64Ab,Cuticular protein 64Ab,NM_139616,FBgn0035511,0.1955379,0.019892
404,nAcRbeta-64B,nicotinic Acetylcholine Receptor beta 64B,NM_168086,FBgn0000038,0.1949391,0.032022
405,Rgk2,CG34390 ,NM_137498,FBgn0085419,0.1945227,2.03E-04
406,,,BT029084,Dm.34043,0.1920223,0.029558
407,CG3168,CG3168 ,NM_167086,FBgn0029896,0.1905151,0.030772
408,CG33205,CG33205 ,NM_176309,FBgn0053205,0.1894166,0.027207
409,bt,bent,NM_001169354,FBgn0005666,0.1893451,0.042587
410,,,BI589602,Dm.35306,0.1874654,0.004807
411,Cyp28c1,CG1895 ,NM_132524,FBgn0030339,0.1854492,0.031569
412,Tsp42El,Tetraspanin 42El,NM_078914,FBgn0033134,0.1807826,0.040307
413,alphaPS4,CG16827 ,NM_137181,FBgn0034005,0.1780988,0.028581
414,CG13309,CG13309 ,NM_140005,FBgn0035933,0.1767306,0.008883
415,CG1299,CG1299 ,NM_139605,FBgn0035501,0.1760878,0.012348
416,CG12817,CG12817 ,NM_001043236,FBgn0037798,0.1759684,0.033714
417,18w,18 wheeler,NM_057466,FBgn0004364,0.172013,0.032257
418,CG5756,CG5756 ,NM_137448,FBgn0034301,0.1672265,0.013738
419,bbg,big bang,NM_140448,FBgn0087007,0.1670334,0.018274
420,HP1b,CG7041 ,NM_132293,FBgn0030082,0.1640854,0.015544
421,alphaPS4,CG16827 ,NM_137181,FBgn0034005,0.1587794,0.018262
422,SK,small conductance calcium-activated potassium channel,NM_167031,FBgn0029761,0.1573228,0.004229
423,bbg,big bang,NM_140448,FBgn0087007,0.1534524,0.016899
424,Jon25Bii,Jonah 25Bii,NM_135038,FBgn0031654,0.1532413,0.002179
425,CG5565,CG5565 ,NM_134754,FBgn0031335,0.1500314,0.041162
426,Vm34Ca,Vitelline membrane 34Ca,NM_057437,FBgn0003983,0.1497078,0.006096
427,CG42492,CG42492 ,NM_144265,FBgn0259994,0.148683,0.010664
428,CG11425,CG11425 ,NM_141138,FBgn0037167,0.1476896,0.033717
429,SP1173,CG10121 ,NM_168178,FBgn0035710,0.14617,0.02963
430,Pif1B,PFTAIRE-interacting factor 1B,NM_001031985,FBgn0046874,0.1450477,0.040443
431,CG9287,CG9287 ,NM_135400,FBgn0032057,0.1447053,0.03039
432,CG9747,CG9747 ,NM_143522,FBgn0039754,0.1429023,0.014516
433,CG4607,CG4607 ,NM_132152,FBgn0029932,0.1420448,0.011263
434,Cyp4s3,CG9081 ,NM_132775,FBgn0030615,0.1406922,0.001891
435,CG4607,CG4607 ,NM_132152,FBgn0029932,0.1382867,0.003762
436,kkv,krotzkopf verkehrt,NM_169052,FBgn0001311,0.1365327,0.016412
437,kon,kon-tiki,NM_136037,FBgn0032683,0.1355664,0.008631
438,pip,pipe,NM_176354,FBgn0003089,0.1352211,0.019904
439,CG7910,CG7910 ,NM_141508,FBgn0037547,0.1275505,0.016359
440,CG34265,CG34265 ,NM_001104021,FBgn0085294,0.1269156,0.041292
441,Pif1A,CG42599 ,NM_141577,FBgn0261015,0.1268463,0.033023
442,beat-Vb,CG31298 ,NM_169481,FBgn0038092,0.1246764,0.002249
443,MtnD,Metallothionein D,NM_176518,FBgn0053192,0.121185,0.008247
444,CG10483,CG10483 ,NM_139743,FBgn0035649,0.1179781,0.048868
445,CG31997,CG31997 ,NM_166735,FBgn0051997,0.1178474,0.016302
446,DptB,Diptericin B,NM_079063,FBgn0034407,0.1067411,0.030931
447,Pif1A,CG42599 ,NM_141577,FBgn0261015,0.106267,0.019464
448,,,GQ507490,FBgn0039257,0.1052174,0.049132
449,CG8086,CG8086 ,NM_205928,FBgn0032010,0.0995536,0.038322
450,CG31997,CG31997 ,NM_166735,FBgn0051997,0.0990575,0.006057
451,Acp26Aa,Accessory gland-specific peptide 26Aa,NM_057296,FBgn0002855,0.0896788,0.011165
452,CG1136,CG1136 ,NM_139596,FBgn0035490,0.0866849,0.031901
453,rk,rickets,NM_057354,FBgn0003255,0.077724,0.014298
454,DmsR-1,Dromyosuppressin receptor 1,NM_139456,FBgn0035331,0.0707451,0.009246
455,CG32972,CG32972 ,NM_176037,FBgn0028905,0.0658113,0.046593
456,Prx2540-2,Peroxiredoxin 2540,NM_078959,FBgn0033518,0.0613654,0.018608
457,CG7300,CG7300 ,NM_135596,FBgn0032286,0.0600096,0.031142
458,CG7091,CG7091 ,NM_141986,FBgn0038099,0.0511437,0.005165
459,CG9466,CG9466 ,NM_135408,FBgn0032068,0.0348465,0.004872
460,CG32778,CG32778 ,NM_167000,Dm.26451,0.0290594,0.007269